Time (sec), Engine RPM (RPM), Intake air temperature (°F), Mass air flow rate (g/s), Short term fuel % trim - Bank 1 (%), Long term fuel % trim - Bank 1 (%), Vehicle speed (MPH), O2 sensor lambda wide range (current probe)  (Bank 1  Sensor 1), Barometric pressure (inHg)
0,0,0,0,0,0,0,0,0
0.709,0,0,15.75,0,0,4.97097,0,25.2
1.31,1367.25,41,16.25,0,-9.375,4.97097,1.00113,25.2
1.876,1422.5,41,15.5,0,-9.375,6.21371,1.00113,25.2
2.477,1428.5,41,15.25,0,-9.375,6.21371,1.00113,25.2
3.18,1391.5,41,15.75,0,-9.375,6.21371,1.00113,25.2
3.775,1354.25,41,16,0,-9.375,6.21371,1.00113,25.2
4.424,1245.25,41,14.75,0,-9.375,4.97097,1.00113,25.2
5.328,1258.25,41,12.5,0,-9.375,4.97097,1.00113,25.2
6.287,1394.5,41,14,0,-9.375,4.97097,1.00308,25.2
7.131,1590,41,14.5,0,-9.375,6.21371,1.00113,25.2
8.132,1667.5,41,11,0,-9.375,6.83508,1.00113,25.2
8.784,1853.75,41,9.25,0,-9.375,6.83508,1.00113,25.2
9.487,1994,41,8.25,0,-9.375,8.07783,1.00113,25.2
10.081,2013,41,8,0,-9.375,8.07783,1.00113,25.2
10.678,2015.75,41,8,0,-9.375,9.32057,1.00113,25.2
11.275,2000.5,41,7.75,0,-9.375,9.32057,1.00308,25.2
12.001,1945.75,41,7.5,0,-9.375,9.32057,1.00113,25.2
12.575,1883,41,6.75,0,-9.375,8.07783,1.00113,25.2
13.19,1794.5,41,7,0,-9.375,8.07783,1.00113,25.2
13.775,1731,41,7.5,0,-9.375,8.07783,1.00113,25.2
14.49,1660.25,41,9,0,-9.375,7.45645,1.00308,25.2
15.085,1695.25,42.8,12.5,0,-9.375,7.45645,1.00113,25.2
15.681,1782,42.8,14.5,0,-9.375,7.45645,1.00113,25.2
16.276,1910.75,42.8,14.25,0,-9.375,7.45645,1.00113,25.2
16.992,2012.5,42.8,13.5,0,-9.375,8.07783,1.00113,25.2
17.576,2112.75,41,14,0,-9.375,8.07783,1.00113,25.2
18.171,2207.5,41,15,0,-9.375,9.32057,1.00113,25.2
18.776,2318.25,41,15.25,0,-9.375,9.94194,1.00113,25.2
19.501,2438.5,41,16.5,0,-9.375,9.94194,1.00113,25.2
20.097,2568.5,39.2,13.75,0,-9.375,10.56331,1.00113,25.2
20.682,2626.5,39.2,12,0,-9.375,11.18468,1.00113,25.2
21.28,2681.5,39.2,10.5,0,-9.375,12.42742,1.00113,25.2
21.977,2722.5,39.2,9.75,0,-9.375,12.42742,1.00113,25.2
22.583,2762,41,9,0,-9.375,12.42742,1.00113,25.2
23.342,2829.5,41,8.75,0,-9.375,13.04879,1.00113,25.2
24.314,2906,41,9,0,-9.375,13.04879,1.00113,25.2
25.327,3056.5,41,8.75,0,-9.375,13.67017,1.00113,25.2
26.32,3210.5,41,9.25,0,-9.375,14.29154,1.00113,25.2
27.104,3351.5,41,9.75,0,-9.375,15.53428,1.00113,25.2
27.7,3407.5,41,10,0,-9.375,15.53428,1.00113,25.2
28.403,3421.5,41,10,0,-9.375,15.53428,1.00113,25.2
29.007,3418,41,10.25,0,-9.375,16.15565,1.00308,25.2
29.716,3360.5,41,9.75,0,-9.375,16.15565,1.00113,25.2
30.477,3253.25,41,9.75,0,-9.375,15.53428,1.00113,25.2
31.443,2946.5,41,9.25,0,-9.375,14.29154,1.00113,25.2
32.227,2554.75,41,7.75,0,-9.375,13.04879,1.00113,25.2
33.042,2075.5,41,6.75,0,-9.375,10.56331,0.99942,25.2
33.677,1763,41,5.75,0,-9.375,9.32057,0.99942,25.2
34.373,1632,41,5.75,0,-9.375,8.07783,1.00308,25.2
34.975,1640.75,42.8,14.25,0,-9.375,7.45645,1.00308,25.2
35.604,1777.25,42.8,14.75,0,-9.375,7.45645,1.00113,25.2
36.222,1909,42.8,15.25,0,-9.375,8.07783,1.00113,25.2
36.903,2122.25,42.8,16.5,0,-9.375,9.32057,1.00113,25.2
37.511,2329.5,41,17,0,-9.375,9.94194,1.00308,25.2
38.24,2636.25,41,20.5,0,-9.375,10.56331,1.00113,25.2
39.148,2879.5,41,17.75,0,-9.375,12.42742,1.00113,25.2
40.385,3023.25,41,13.75,0,-9.375,13.04879,1.00308,25.2
41.179,3192.75,39.2,12.75,0,-9.375,14.29154,1.00113,25.2
41.879,3406.75,39.2,13.25,0,-9.375,15.53428,1.00113,25.2
42.477,3587.5,39.2,13.25,0,-9.375,15.53428,1.00113,25.2
43.203,3715.5,39.2,13.25,0,-9.375,16.15565,1.00308,25.2
43.821,3872.25,39.2,12,0,-9.375,16.77702,1.00113,25.2
44.433,3855.5,39.2,11.75,0,-9.375,17.39839,0.99942,25.2
45.084,3283.5,39.2,10.25,0,-9.375,17.39839,1.00113,25.2
46.076,2420.25,39.2,7.25,0,-9.375,18.64114,1.00113,25.2
46.884,1996,41,9,0,-9.375,19.88388,1.00308,25.2
47.734,2585.5,41,10.25,0,-9.375,20.50525,1.00308,25.2
48.629,2671.5,41,9,0,-9.375,21.74799,0.99796,25.2
49.378,2770.75,41,9,0,-9.375,22.36936,0.99064,25.2
49.996,2762.75,41,8.25,0,-9.375,22.99073,0.9843,25.2
50.688,2770.25,41,9,0,-9.375,22.99073,0.97429,25.2
51.485,2769.75,41,11.25,0,-9.375,22.99073,0.95428,25.2
52.18,2783.75,41,13,0,-9.375,22.99073,0.9921,25.2
52.81,2803,41,12,0,-9.375,22.99073,0.98064,25.2
53.403,2821.5,41,9.25,0,-9.375,22.99073,0.93379,25.2
53.984,2848.25,41,9,0,-9.375,23.6121,0.92159,25.2
54.683,2871.75,41,8,0,-9.375,23.6121,0.915,25.2
55.279,2905,41,8,0,-9.375,23.6121,0.94184,25.2
55.975,2949.75,41,8.25,0,-9.375,24.85485,0.94184,25.2
56.602,2971.75,41,8.25,0,-9.375,24.85485,0.95941,25.2
57.295,2984.25,41,8.5,0,-9.375,24.85485,0.95672,25.2
57.88,2993.25,41,8.5,-0.78125,-9.375,24.85485,0.98064,25.2
58.475,2960.25,41,8.25,0,-9.375,24.85485,0.9965,25.2
59.08,2911.25,41,8,0.78125,-9.375,24.85485,0.98308,25.2
59.783,2846.75,41,8,0.78125,-9.375,23.6121,0.9965,25.2
60.376,2786,41,7.75,1.5625,-9.375,23.6121,0.98796,25.2
60.983,2769.25,41,9,3.125,-9.375,22.99073,1.00674,25.2
61.578,2757.75,41,9.25,5.46875,-9.375,22.99073,0.99064,25.2
62.315,2765.25,41,9.25,4.6875,-9.375,22.99073,0.97673,25.2
62.925,2768.5,41,9,-2.34375,-9.375,22.99073,0.97429,25.2
63.532,2781,41,9.75,-3.125,-9.375,22.99073,0.99796,25.2
64.138,2811.75,41,9.25,-2.34375,-9.375,22.99073,0.9455,25.2
64.883,2835.75,41,8,-9.375,-9.375,22.99073,0.96185,25.2
65.502,2858.5,41,7.75,-7.03125,-9.375,23.6121,1.02431,25.2
66.108,2890.5,41,8.25,-3.90625,-9.375,23.6121,1.01772,25.2
66.68,2918.5,41,8,-3.125,-9.375,23.6121,1.00113,25.2
67.503,2934.5,41,8.25,-3.90625,-9.375,24.85485,1.02431,25.2
68.131,2984,41,8.25,3.125,-9.375,24.85485,1.00308,25.2
68.716,3018,41,8.5,3.125,-9.375,24.85485,0.97795,25.2
69.417,3009.75,41,8.5,0,-9.375,25.47622,1.99882,25.2
70.118,2995.75,41,8.25,0,-9.375,25.47622,1.99882,25.2
70.769,2979.25,41,8.5,0,-9.375,24.85485,1.99882,25.2
71.395,2904.5,41,8.25,0,-9.375,24.85485,1.2344,25.2
72.063,2890.5,41,9.75,14.0625,-9.375,24.85485,1.02602,25.2
72.785,2855,41,17,17.96875,-9.375,23.6121,0.90939,25.2
73.395,2963.75,41,11.5,0.78125,-9.375,24.85485,0.94062,25.2
74.051,2944.25,41,11.75,2.34375,-9.375,24.85485,1.00674,25.2
74.714,2977.75,41,14.25,4.6875,-9.375,24.85485,1.00796,25.2
75.41,3034.25,41,16,7.8125,-9.375,24.85485,0.98308,25.2
76.002,3100,39.2,16.5,5.46875,-9.375,25.47622,0.95941,25.2
76.645,3143,39.2,15.25,0.78125,-9.375,26.09759,0.96185,25.2
77.279,3185.25,39.2,15.25,0.78125,-9.375,26.09759,0.99064,25.2
78.005,3222.5,39.2,14,-4.6875,-9.375,26.71896,0.98942,25.2
78.649,3238.25,39.2,13,-7.03125,-9.375,26.71896,0.99503,25.2
79.265,3259.25,39.2,10.75,-8.59375,-9.375,26.71896,0.98186,25.2
79.948,3227.5,39.2,9.5,-12.5,-9.375,26.71896,1.02602,25.2
80.685,3163.75,39.2,8.75,0,-9.375,26.71896,1.46571,25.2
81.329,3088,41,8.75,0,-9.375,26.09759,1.99882,25.2
81.948,2970,41,8.25,0,-9.375,25.47622,1.99882,25.2
82.593,2895,41,8.25,0,-9.375,24.85485,1.29393,25.2
83.489,2839,41,7.75,1.5625,-9.375,23.6121,1.02602,25.2
84.302,2805.25,41,7.75,6.25,-9.375,23.6121,0.925,25.2
84.999,2758.25,41,7.75,0.78125,-9.375,22.99073,0.93818,25.2
85.66,2679,41,7.75,0,-9.375,22.99073,1.99882,25.2
86.409,2595.5,41,7.25,0,-9.375,22.36936,1.99882,25.2
87.027,2532.25,41,7.25,0,-9.375,21.74799,1.99882,25.2
87.669,2437.5,41,7.25,0,-9.375,20.50525,1.99882,25.2
88.283,2353.25,41,7,0,-9.375,19.88388,1.99882,25.2
89.034,2240,41,6.5,0,-9.375,19.26251,1.99882,25.2
89.636,2114.5,41,6.25,0,-9.375,18.64114,1.99882,25.2
90.28,1915.25,41,5.5,0,-9.375,16.77702,1.99882,25.2
90.905,1453.25,41,5,0,-9.375,16.15565,1.99882,25.2
91.706,1142,41,4.25,0,-9.375,13.67017,1.39544,25.2
92.321,990.75,42.8,4,0,-9.375,13.04879,1.14753,25.2
92.976,866.75,42.8,3.75,8.59375,-9.375,11.18468,1.07531,25.2
93.574,809.75,42.8,3.5,13.28125,-9.375,9.32057,1.00308,25.2
94.281,798.5,42.8,3.25,12.5,-9.375,7.45645,0.95794,25.2
95.017,790.25,42.8,3.5,10.9375,-9.375,6.21371,0.93696,25.2
95.634,780.25,42.8,3.25,9.375,-9.375,4.3496,0.93476,25.2
96.278,783.25,42.8,3.5,8.59375,-9.375,3.10686,0.9494,25.2
97.023,782,42.8,3.25,8.59375,-9.375,1.86411,0.94672,25.2
97.669,788.25,42.8,3.5,9.375,-9.375,1.24274,0.94062,25.2
98.269,794,42.8,3.5,2.34375,-9.375,0.62137,0.97063,25.2
98.89,797.5,42.8,3.5,2.34375,-9.375,0.62137,0.98308,25.2
99.636,789.25,42.8,3.25,2.34375,-9.375,0.62137,0.98942,25.2
100.282,789.5,42.8,3.25,1.5625,-9.375,0.62137,0.98942,25.2
100.927,992,42.8,6,2.34375,-9.375,0.62137,1.01089,25.2
101.521,664.5,42.8,8.75,5.46875,-9.375,1.24274,1.01772,25.2
102.276,975,42.8,8.25,3.125,-9.375,3.10686,0.93257,25.2
102.945,1197,41,7,-4.6875,-9.375,3.72823,0.95794,25.2
103.556,1317,41,5.5,-5.46875,-9.375,4.97097,0.9494,25.2
104.205,1297.75,41,4.75,-7.8125,-9.375,6.21371,0.95794,25.2
104.959,1299,41,6,-9.375,-9.375,6.21371,1.05872,25.2
105.603,1412.25,42.8,12.5,0,-9.375,6.21371,1.07043,25.2
106.243,1656,42.8,15.75,5.46875,-9.375,6.83508,0.98064,25.2
106.938,2000,42.8,18.5,-2.34375,-9.375,8.07783,0.95794,25.2
107.657,2237.5,42.8,20.5,-7.03125,-9.375,9.94194,0.98064,25.2
108.318,2530.5,41,25,-3.125,-9.375,10.56331,0.97063,25.2
108.94,2941.25,41,27.75,-5.46875,-9.375,12.42742,1.0126,25.2
109.599,3240,41,28.25,-0.78125,-9.375,13.67017,0.9965,25.2
110.332,3507.5,41,29.75,0.78125,-9.375,14.29154,0.98942,25.2
110.994,3750.75,41,30.75,-2.34375,-9.375,16.15565,0.99357,25.2
111.598,4010.5,41,32,-3.125,-9.375,17.39839,0.9921,25.2
112.22,4187,41,33,-3.90625,-9.375,18.64114,0.95306,25.2
112.946,4128.25,41,9.25,-3.90625,-9.375,19.26251,0.81789,25.2
113.612,3072.75,39.2,8,0,-9.375,19.26251,1.25538,25.2
114.207,2185.25,39.2,7.5,0,-9.375,18.64114,1.20634,25.2
114.832,2210,39.2,26,3.90625,-9.375,18.64114,0.98186,25.2
115.573,2393.5,39.2,30.25,-3.90625,-9.375,18.64114,0.96795,25.2
116.203,2563.75,41,33.5,-2.34375,-9.375,19.88388,0.9921,25.2
116.867,2779.25,41,34.25,-1.5625,-9.375,21.74799,0.99503,25.2
117.471,2940,41,35.75,-3.90625,-9.375,22.99073,0.9921,25.2
118.233,3104.75,41,36.75,-3.90625,-9.375,24.85485,0.97942,25.2
118.884,3268.5,42.8,37.75,-5.46875,-9.375,26.09759,0.99796,25.2
119.52,3422.25,42.8,39,-2.34375,-9.375,27.9617,1.00943,25.2
120.166,3555.75,42.8,40,-3.125,-9.375,28.58307,0.98942,25.2
120.898,3695,42.8,40,-4.6875,-9.375,29.82582,0.9965,25.2
121.537,3827,42.8,40.75,-1.5625,-9.375,31.06856,0.9965,25.2
122.169,3935.25,42.8,41.5,-0.78125,-9.375,32.3113,0.9843,25.2
122.829,4052.25,42.8,42,0,-9.375,32.93267,0.9128,25.2
123.608,3874.25,42.8,7.5,0,-9.375,34.17542,0.79642,25.2
124.217,2988,41,7.5,0,-9.375,34.17542,1.27636,25.2
125.007,2628.75,41,18.25,0,-9.375,32.93267,1.04139,25.2
125.688,2633.5,41,32,-3.90625,-9.375,32.3113,0.97942,25.2
126.426,2701.75,41,32.5,-0.78125,-9.375,32.93267,1.00674,25.2
127.063,2784.75,42.8,36.75,0,-9.375,34.17542,0.99357,25.2
127.672,2856.5,42.8,36.75,-3.90625,-9.375,34.79679,1.00943,25.2
128.325,2903.5,42.8,25.75,-4.6875,-9.375,36.03953,0.99942,25.2
129.067,2906,42.8,24.25,-3.90625,-9.375,36.03953,1.0126,25.2
129.688,2925.75,42.8,24.25,-3.125,-9.375,36.03953,1.00308,25.2
130.293,2922.5,42.8,20.25,-5.46875,-9.375,37.28227,1.01431,25.2
130.949,2912.75,42.8,17.75,-3.90625,-9.375,37.28227,1.02944,25.2
131.712,2900.75,42.8,17.75,-1.5625,-9.375,37.28227,1.0209,25.2
132.327,2878.75,42.8,18,5.46875,-9.375,36.03953,0.98308,25.2
133.002,2884,42.8,17.5,3.90625,-9.375,36.03953,0.98308,25.2
133.619,2850.5,42.8,17.75,3.125,-9.375,36.03953,0.99064,25.2
134.365,2843.25,42.8,18,3.125,-9.375,36.03953,0.98308,25.2
135.008,2833.25,42.8,18.25,-2.34375,-9.375,35.41816,1.01431,25.2
135.713,2803,42.8,18,-1.5625,-9.375,35.41816,1.00943,25.2
136.335,2806.25,42.8,19.75,-0.78125,-9.375,35.41816,1.00552,25.2
137.04,2787.25,42.8,21,-2.34375,-9.375,35.41816,0.99942,25.2
137.653,2795.75,42.8,21,1.5625,-9.375,35.41816,0.9921,25.2
138.307,2780.75,42.8,20.75,2.34375,-9.375,35.41816,0.98942,25.2
138.959,2779.75,42.8,20.25,1.5625,-9.375,35.41816,0.99064,25.2
139.665,2790.75,42.8,21,2.34375,-9.375,34.79679,0.99064,25.2
140.31,2763.25,42.8,20.5,-2.34375,-9.375,34.79679,0.99796,25.2
140.949,2754.75,42.8,21.25,-3.125,-9.375,34.79679,1.00674,25.2
141.611,2745.5,42.8,21.75,-3.125,-9.375,34.79679,1.00552,25.2
142.38,2741.25,42.8,22,-3.125,-9.375,34.79679,1.00943,25.2
143.079,2752.25,42.8,21.5,-3.125,-9.375,34.79679,0.98796,25.2
143.774,2730.75,42.8,21,0.78125,-9.375,34.79679,0.9921,25.2
144.393,2745,42.8,20.5,1.5625,-9.375,34.79679,0.99503,25.2
145.193,2717.25,42.8,20.25,2.34375,-9.375,34.79679,0.99064,25.2
145.855,2718.5,42.8,19.5,-2.34375,-9.375,34.17542,1.01943,25.2
146.506,2712,42.8,19.5,-0.78125,-9.375,34.17542,1.01089,25.2
147.13,2704.25,42.8,20,-1.5625,-9.375,34.17542,1.00308,25.2
147.883,2689.25,42.8,19,-0.78125,-9.375,34.17542,1.00943,25.2
148.525,2678.25,42.8,20,3.125,-9.375,34.17542,0.98308,25.2
149.208,2666.5,42.8,19.25,2.34375,-9.375,34.17542,0.98796,25.2
149.832,2671.75,42.8,20.25,3.125,-9.375,34.17542,0.98674,25.2
150.568,2689.75,42.8,23.5,0.78125,-9.375,34.17542,0.98186,25.2
151.217,2700.5,42.8,22,-4.6875,-9.375,34.17542,1.0126,25.2
151.824,2702,42.8,22.25,-3.125,-9.375,34.17542,1.01431,25.2
152.456,2707.75,42.8,22.5,-2.34375,-9.375,34.17542,1.01089,25.2
153.214,2711.5,42.8,21.25,-2.34375,-9.375,34.17542,1.0043,25.2
153.904,2718,42.8,21.5,2.34375,-9.375,34.17542,0.9965,25.2
154.589,2724.75,42.8,21.25,1.5625,-9.375,34.17542,0.98552,25.2
155.221,2715.75,42.8,20.75,2.34375,-9.375,34.17542,0.99503,25.2
156.01,2725.5,42.8,20.5,2.34375,-9.375,34.17542,0.99503,25.2
156.651,2724.5,42.8,20.75,-2.34375,-9.375,34.17542,1.00674,25.2
157.316,2706.75,42.8,21,-1.5625,-9.375,34.17542,1.00943,25.2
157.979,2706.25,42.8,20.75,-2.34375,-9.375,34.17542,1.00796,25.2
158.758,2711,42.8,20.75,2.34375,-9.375,34.17542,0.9921,25.2
159.391,2713.75,42.8,21,2.34375,-9.375,34.17542,0.99357,25.2
159.981,2707,42.8,20.75,2.34375,-9.375,34.17542,0.99357,25.2
160.624,2708,42.8,20.5,2.34375,-9.375,34.17542,0.99064,25.2
161.387,2707.5,42.8,20.75,2.34375,-9.375,34.17542,0.99357,25.2
162.1,2701.25,42.8,20.5,-2.34375,-9.375,34.17542,1.0043,25.2
162.956,2694.75,42.8,19.75,-1.5625,-9.375,34.17542,1.0126,25.2
163.781,2682.5,42.8,20,2.34375,-9.375,34.17542,0.99064,25.2
164.658,2668,42.8,19.75,-1.5625,-9.375,34.17542,1.00552,25.2
165.293,2651,42.8,20,2.34375,-9.375,32.93267,0.98942,25.2
165.942,2630.75,42.8,19.75,3.125,-9.375,32.93267,0.99064,25.2
166.549,2632.5,42.8,20.75,1.5625,-9.375,32.93267,0.99357,25.2
167.276,2614.25,42.8,22,0.78125,-9.375,32.93267,0.99064,25.2
167.894,2627,42.8,23,-3.90625,-9.375,32.93267,1.00796,25.2
168.527,2633.5,42.8,24.5,-3.125,-9.375,32.93267,0.99942,25.2
169.187,2635.5,42.8,24,-3.90625,-9.375,32.93267,1.00674,25.2
169.935,2648.5,42.8,24.25,-3.90625,-9.375,32.93267,1.01431,25.2
170.578,2655.5,42.8,24.5,-3.125,-9.375,32.93267,1.00943,25.2
171.221,2654.5,42.8,23.75,1.5625,-9.375,32.93267,0.99796,25.2
171.854,2650,42.8,24.5,1.5625,-9.375,32.93267,0.9921,25.2
172.623,2665.5,42.8,23.75,2.34375,-9.375,32.93267,0.99064,25.2
173.267,2661.5,42.8,23.25,2.34375,-9.375,32.93267,0.99064,25.2
173.892,2654,42.8,23.25,-2.34375,-9.375,32.93267,0.99796,25.2
174.538,2639,42.8,22,-3.90625,-9.375,32.93267,1.00674,25.2
175.264,2630.5,42.8,20.25,-2.34375,-9.375,32.93267,1.01431,25.2
175.935,2607.75,42.8,21,0,-9.375,32.93267,0.9921,25.2
176.535,2601,42.8,22.75,-2.34375,-9.375,32.93267,0.99796,25.2
177.156,2598.5,42.8,24.75,1.5625,-9.375,32.3113,1.00113,25.2
177.876,2615,42.8,25.75,0.78125,-9.375,32.3113,0.9921,25.2
178.504,2628.75,42.8,25,-0.78125,-9.375,32.93267,0.9965,25.2
179.121,2626.5,42.8,24.5,0.78125,-9.375,32.93267,0.99357,25.2
179.704,2657,42.8,25.25,1.5625,-9.375,32.93267,0.99503,25.2
180.447,2687.5,42.8,25.25,1.5625,-9.375,32.93267,0.99357,25.2
181.07,2703.5,44.6,22,1.5625,-9.375,34.17542,1.01431,25.2
181.699,2708,44.6,17.75,-1.5625,-9.375,34.17542,1.01602,25.2
182.306,2707,44.6,18.5,0.78125,-9.375,34.17542,1.00943,25.2
183.004,2699.5,44.6,18.25,0.78125,-9.375,34.17542,0.9921,25.2
183.635,2681,42.8,14,0,-9.375,34.17542,1.0043,25.2
184.412,2662.75,42.8,12,-1.5625,-9.375,34.17542,1.00674,25.2
185.181,2628.75,42.8,11.5,-1.5625,-9.375,32.93267,1.00308,25.2
185.946,3000,42.8,10.25,3.125,-9.375,32.93267,1.01602,25.2
186.583,3667.25,42.8,15.25,4.6875,-9.375,31.68993,0.99503,25.2
187.222,3613.5,42.8,14.5,2.34375,-9.375,31.06856,1.00552,25.2
187.837,3555.75,42.8,14.25,2.34375,-9.375,29.82582,1.00552,25.2
188.549,3469.75,42.8,14,3.125,-9.375,29.82582,1.01602,25.2
189.194,3396.5,42.8,17.5,10.15625,-9.375,29.20445,0.97307,25.2
189.869,3322.25,42.8,25,4.6875,-9.375,28.58307,0.97942,25.2
190.51,3296.25,42.8,26.75,3.125,-9.375,27.9617,0.9921,25.2
191.256,3266.75,42.8,26.5,3.125,-9.375,27.9617,0.99503,25.2
191.869,3252,44.6,27.5,0,-9.375,27.9617,0.99942,25.2
192.511,3233.75,44.6,28.75,0,-9.375,26.71896,1.00796,25.2
193.128,3208.75,44.6,28.25,0,-9.375,26.71896,1.00796,25.2
193.899,3178.5,44.6,28.75,0,-9.375,26.71896,1.0043,25.2
194.537,3139.25,44.6,28.5,0.78125,-9.375,26.09759,0.98942,25.2
195.177,3092.25,44.6,33.75,-1.5625,-9.375,26.09759,0.9965,25.2
195.798,3106.5,44.6,35.5,0.78125,-9.375,26.09759,1.0043,25.2
196.529,3081.75,44.6,37.25,0.78125,-9.375,25.47622,0.99503,25.2
197.153,3102,46.4,37.25,1.5625,-9.375,25.47622,0.98942,25.2
197.804,3121.25,46.4,37,0.78125,-9.375,26.09759,0.9965,25.2
198.445,3119.25,46.4,37.25,1.5625,-9.375,26.09759,0.99357,25.2
199.18,3114.25,46.4,37.5,-2.34375,-9.375,26.09759,1.01089,25.2
199.803,3126.5,48.2,36.25,-2.34375,-9.375,26.09759,1.01431,25.2
200.638,3114.75,48.2,30.5,0,-9.375,26.09759,1.0043,25.2
201.428,3054.75,48.2,27.25,-1.5625,-9.375,26.09759,0.9921,25.2
202.281,3000.5,48.2,24,1.5625,-9.375,25.47622,0.97795,25.2
203.379,2882.25,46.4,20,-3.90625,-9.375,24.85485,1.00943,25.2
204.027,2608,46.4,9.5,-12.5,-9.375,23.6121,0.8906,25.2
204.725,1560.75,46.4,4.25,0,-9.375,21.74799,1.38494,25.2
205.485,1210.75,46.4,3.25,0,-9.375,19.88388,1.0453,25.2
206.092,959.75,44.6,3,0,-9.375,17.39839,1.00113,25.2
206.717,798.25,44.6,3.25,0,-9.375,15.53428,0.99503,25.2
207.408,773,44.6,3,1.5625,-9.375,13.67017,0.99796,25.2
208.195,754,44.6,3,1.5625,-9.375,11.18468,0.99503,25.2
208.825,777.5,46.4,3,-3.90625,-9.375,8.07783,1.00113,25.2
209.433,772.25,46.4,3,-3.125,-9.375,4.97097,1.0126,25.2
210.107,780,46.4,3,-2.34375,-9.375,3.72823,1.01431,25.2
210.813,1169.75,46.4,8.75,0,-9.375,3.10686,0.96063,25.2
211.439,905,46.4,12.25,0,-9.375,1.86411,1.02944,25.2
212.039,597.5,46.4,7.5,0,-9.375,3.10686,1.18584,25.2
212.703,766.5,46.4,9.5,0,-9.375,4.3496,1.19658,25.2
213.441,1001.5,46.4,12.25,0,-9.375,6.21371,1.01431,25.2
214.065,1325.5,44.6,13.5,0,-9.375,7.45645,0.97942,25.2
214.676,1615.5,44.6,9.25,0,-9.375,10.56331,1.11191,25.2
215.28,1814.25,44.6,9.5,0,-9.375,13.04879,1.11191,25.2
216.001,1987.5,44.6,10.5,0,-9.375,14.29154,1.07043,25.2
216.635,2158.25,42.8,10.25,0,-9.375,16.15565,1.04944,25.2
217.27,2343.25,42.8,10.75,0,-9.375,17.39839,1.0226,25.2
217.897,2486.5,42.8,12.5,0,-9.375,19.26251,0.97942,25.2
218.611,2647.5,42.8,12.75,0,-9.375,20.50525,0.97795,25.2
219.276,2802.25,44.6,12.75,3.125,-9.375,22.36936,1.01089,25.2
219.907,2929,44.6,9.75,3.125,-9.375,23.6121,0.98552,25.2
220.549,3026.5,44.6,7.5,4.6875,-9.375,24.85485,1.01431,25.2
221.248,3054.75,44.6,8,9.375,-9.375,25.47622,1.0043,25.2
221.872,3101.25,44.6,8.25,3.125,-9.375,25.47622,0.97942,25.2
222.556,3146.5,44.6,8.25,3.125,-9.375,26.09759,1.01943,25.2
223.185,3190.75,44.6,8.25,2.34375,-9.375,26.09759,1.00308,25.2
223.947,3241,44.6,8.25,0.78125,-9.375,26.71896,1.01943,25.2
224.661,3268.25,44.6,8.75,2.34375,-9.375,26.71896,1.00552,25.2
225.379,3321.5,44.6,8.5,7.03125,-9.375,27.9617,0.97673,25.2
226.035,3372.25,44.6,9.25,7.03125,-9.375,27.9617,0.98796,25.2
226.747,3416,44.6,9.25,2.34375,-9.375,28.58307,0.98942,25.2
227.395,3444.25,44.6,9.25,0,-9.375,28.58307,1.99882,25.2
228.004,3462.5,44.6,9.25,0,-9.375,28.58307,1.99882,25.2
228.674,3478.5,44.6,9.25,0,-9.375,29.20445,1.99882,25.2
229.394,3497.25,44.6,9.25,0,-9.375,29.20445,1.99882,25.2
230.025,3539.75,44.6,9.5,0,-9.375,29.20445,1.99882,25.2
230.651,3552.75,44.6,9.5,0,-9.375,29.20445,1.99882,25.2
231.291,3582.75,44.6,9.25,0,-9.375,29.82582,1.99882,25.2
232.08,3609,44.6,9.75,0,-9.375,29.82582,1.99882,25.2
232.7,3668.75,44.6,9.75,0,-9.375,31.06856,1.99882,25.2
233.336,3735,44.6,9.75,0,-9.375,31.06856,1.99882,25.2
233.959,3772,44.6,10.25,0,-9.375,31.68993,1.99882,25.2
234.712,3834.75,44.6,10,0,-9.375,31.68993,1.99882,25.2
235.332,3885,44.6,10.25,0,-9.375,32.3113,1.99882,25.2
235.978,3943,44.6,10.5,0,-9.375,32.93267,1.99882,25.2
236.598,3999.25,44.6,10.5,0,-9.375,32.93267,1.99882,25.2
237.308,4036,44.6,11,0,-9.375,34.17542,1.99882,25.2
237.928,4082,44.6,10.5,0,-9.375,34.17542,1.99882,25.2
238.527,4125.75,44.6,11,0,-9.375,34.79679,1.99882,25.2
239.208,4164.75,44.6,11,0,-9.375,34.79679,1.99882,25.2
239.985,4175.25,44.6,11,0,-9.375,34.79679,1.99882,25.2
240.609,4208,44.6,11.25,0,-9.375,35.41816,1.99882,25.2
241.246,4230,44.6,11,0,-9.375,35.41816,1.99882,25.2
241.883,4260,44.6,11.25,0,-9.375,35.41816,1.99882,25.2
242.629,4282,44.6,11.5,0,-9.375,35.41816,1.99882,25.2
243.275,4319,44.6,11.75,0,-9.375,36.03953,1.99882,25.2
243.884,4329.5,44.6,11.5,0,-9.375,36.03953,1.99882,25.2
244.54,4353.5,44.6,11.75,0,-9.375,36.03953,1.99882,25.2
245.288,4361,44.6,12,0,-9.375,36.03953,1.99882,25.2
245.928,4383.25,44.6,11.5,0,-9.375,37.28227,1.99882,25.2
246.572,4379.5,44.6,11.75,0,-9.375,37.28227,1.99882,25.2
247.197,4357.75,44.6,11.75,0,-9.375,37.28227,1.99882,25.2
247.962,4359,44.6,11.75,0,-9.375,37.28227,1.99882,25.2
248.606,4321.5,44.6,11.5,0,-9.375,36.03953,1.99882,25.2
249.231,4241.25,44.6,11.5,0,-9.375,36.03953,1.99882,25.2
249.879,4194.5,44.6,11.25,0,-9.375,35.41816,1.99882,25.2
250.578,4121.25,44.6,11.25,0,-9.375,34.79679,1.99882,25.2
251.232,4048,44.6,11,0,-9.375,34.79679,1.99882,25.2
251.862,3962.25,44.6,10.75,0,-9.375,34.17542,1.99882,25.2
252.565,3827.5,44.6,10.25,0,-9.375,32.93267,1.99882,25.2
253.308,3708.25,44.6,10,0,-9.375,31.68993,1.99882,25.2
253.934,3601.25,44.6,9.75,0,-9.375,31.06856,1.99882,25.2
254.574,3447.75,44.6,9.5,0,-9.375,29.82582,1.99882,25.2
255.244,3379,44.6,9.25,0,-9.375,28.58307,1.99882,25.2
256.016,3242.5,44.6,8.75,0,-9.375,27.9617,1.26587,25.2
256.663,3171,44.6,8.75,4.6875,-9.375,26.71896,1.02431,25.2
257.29,3170,44.6,11.5,5.46875,-9.375,26.71896,0.95184,25.2
257.887,3167.5,44.6,11.75,6.25,-9.375,26.09759,0.94672,25.2
258.637,3156,44.6,12,5.46875,-9.375,26.09759,0.94184,25.2
259.309,3149.5,44.6,11.75,4.6875,-9.375,26.09759,0.95794,25.2
259.926,3144.25,44.6,11.75,5.46875,-9.375,26.09759,0.9555,25.2
260.533,3133.75,44.6,12,4.6875,-9.375,26.09759,0.95941,25.2
261.25,3134.25,44.6,12.5,1.5625,-9.375,26.09759,1.01943,25.2
261.849,3136,44.6,12.25,7.03125,-9.375,26.09759,0.98796,25.2
262.479,3116,44.6,12,6.25,-9.375,26.09759,0.9921,25.2
263.129,3118.5,44.6,13.5,6.25,-9.375,26.09759,0.98674,25.2
263.879,3127.5,44.6,13.5,6.25,-9.375,26.09759,0.9843,25.2
264.532,3121,44.6,13.25,0.78125,-9.375,26.09759,0.99796,25.2
265.162,3125.5,44.6,13.5,0.78125,-9.375,26.09759,1.00943,25.2
265.776,3131.5,44.6,14,1.5625,-9.375,26.09759,1.00674,25.2
266.52,3148.75,44.6,14.75,1.5625,-9.375,26.09759,1.00943,25.2
267.147,3153.75,44.6,15.25,1.5625,-9.375,26.09759,1.01431,25.2
267.8,3190,44.6,16.25,7.03125,-9.375,26.09759,0.98674,25.2
268.439,3205.75,44.6,18,5.46875,-9.375,26.71896,0.99503,25.2
269.193,3234,44.6,16.25,5.46875,-9.375,26.71896,0.98796,25.2
269.813,3244.25,44.6,14.25,5.46875,-9.375,26.71896,0.99064,25.2
270.474,3270,44.6,14.5,5.46875,-8.59375,26.71896,0.98796,25.2
271.1,3272.5,44.6,14.75,0,-8.59375,26.71896,0.99796,25.2
271.842,3267.5,44.6,14.75,0,-8.59375,27.9617,1.00113,25.2
272.481,3310,44.6,14.25,0,-8.59375,27.9617,1.0043,25.2
273.084,3282.75,44.6,12.5,-2.34375,-8.59375,27.9617,1.01602,25.2
273.69,3275.25,44.6,12.25,0.78125,-8.59375,27.9617,1.01943,25.2
274.412,3247,44.6,12.5,0.78125,-8.59375,26.71896,1.0126,25.2
275.04,3242.75,44.6,12.5,5.46875,-8.59375,26.71896,0.99064,25.2
275.711,3244.5,44.6,13,3.90625,-8.59375,26.71896,0.98796,25.2
276.311,3229.25,44.6,13,4.6875,-8.59375,26.71896,0.9921,25.2
277.06,3210.25,44.6,12.5,4.6875,-8.59375,26.71896,0.9921,25.2
277.687,3213,44.6,12.75,0,-8.59375,26.71896,1.00674,25.2
278.34,3218,44.6,13.5,-0.78125,-8.59375,26.71896,0.99357,25.2
278.917,3217.5,44.6,14.75,0,-8.59375,26.71896,1.01089,25.2
279.637,3218.75,44.6,14.25,0,-8.59375,26.71896,1.00796,25.2
280.24,3236.5,44.6,14.5,0,-8.59375,26.71896,1.00943,25.2
280.827,3233.25,44.6,14.25,-0.78125,-8.59375,26.71896,1.00674,25.2
281.467,3237.75,44.6,14.5,0,-8.59375,26.71896,1.00943,25.2
282.253,3254.75,44.6,14.75,0,-8.59375,26.71896,1.00674,25.2
282.869,3265.25,44.6,14.5,3.90625,-8.59375,26.71896,0.99357,25.2
283.533,3270.75,44.6,13.5,4.6875,-8.59375,26.71896,0.98552,25.2
284.184,3262.25,44.6,14,4.6875,-8.59375,26.71896,0.9843,25.2
284.957,3256.25,44.6,13,3.90625,-8.59375,26.71896,0.99064,25.2
285.595,3258,44.6,13,-0.78125,-8.59375,26.71896,1.01431,25.2
286.219,3250.5,44.6,12.5,0.78125,-8.59375,26.71896,1.01089,25.2
286.845,3252.25,44.6,12.5,0,-8.59375,26.71896,1.00943,25.2
287.554,3248,44.6,12.5,-0.78125,-8.59375,26.71896,1.00674,25.2
288.17,3249,44.6,11.75,4.6875,-8.59375,26.71896,1.00552,25.2
288.801,3228,44.6,11.5,5.46875,-8.59375,26.71896,0.99064,25.2
289.413,3210.25,44.6,11.75,5.46875,-8.59375,26.71896,0.99503,25.2
290.186,3206.25,44.6,11.5,5.46875,-8.59375,26.71896,1.00552,25.2
290.8,3201.5,44.6,12,6.25,-8.59375,26.71896,0.98308,25.2
291.415,3189,44.6,11.75,5.46875,-8.59375,26.71896,0.98552,25.2
292.036,3174.75,44.6,12.5,3.90625,-8.59375,26.71896,0.98552,25.2
292.805,3174.25,44.6,12,0,-8.59375,26.71896,1.0126,25.2
293.426,3178.25,44.6,12.5,0,-8.59375,26.71896,1.0126,25.2
294.042,3171.5,44.6,12.5,0,-8.59375,26.09759,1.01089,25.2
294.699,3173.5,44.6,12,0,-8.59375,26.09759,1.0126,25.2
295.416,3175.5,44.6,12,0,-8.59375,26.09759,1.00943,25.2
296.043,3179.25,44.6,12.5,5.46875,-8.59375,26.09759,0.98942,25.2
296.655,3147.5,44.6,12.25,5.46875,-8.59375,26.09759,0.9921,25.2
297.289,3147.75,44.6,12.5,5.46875,-8.59375,26.09759,0.98186,25.2
298,3167.75,44.6,11.75,4.6875,-8.59375,26.09759,0.99357,25.2
298.604,3178.25,44.6,12,4.6875,-8.59375,26.09759,0.9921,25.2
299.206,3175.25,44.6,12.75,4.6875,-8.59375,26.09759,0.98674,25.2
299.846,3187.25,44.6,12.5,4.6875,-8.59375,26.71896,0.99064,25.2
300.562,3197.25,44.6,12.25,0,-8.59375,26.71896,0.99942,25.2
301.191,3208.75,44.6,12,0,-8.59375,26.71896,1.01431,25.2
301.782,3208.5,44.6,12.25,0.78125,-8.59375,26.71896,1.0126,25.2
302.409,3217.75,44.6,12.75,-0.78125,-8.59375,26.71896,1.00943,25.2
303.133,3197.25,44.6,12.75,0,-8.59375,26.71896,1.0126,25.2
303.79,3168.75,44.6,12.75,0,-8.59375,26.71896,0.99357,25.2
304.44,3180.25,44.6,12.75,5.46875,-8.59375,26.71896,0.98796,25.2
305.102,3182,44.6,12.25,5.46875,-8.59375,26.09759,0.98552,25.2
305.858,3141.25,44.6,13.5,5.46875,-8.59375,26.09759,0.96941,25.2
306.501,3145.25,44.6,14,-0.78125,-8.59375,26.09759,0.99503,25.2
307.146,3139,44.6,13.75,-0.78125,-8.59375,26.09759,1.00552,25.2
307.787,3153,44.6,13.5,-0.78125,-8.59375,26.09759,1.01431,25.2
308.563,3165,44.6,13.75,-0.78125,-8.59375,26.09759,1.0126,25.2
309.159,3154.5,44.6,12.5,4.6875,-8.59375,26.09759,0.99503,25.2
309.786,3128.25,44.6,11,4.6875,-8.59375,26.09759,0.98796,25.2
310.438,3102,44.6,9.5,5.46875,-8.59375,26.09759,1.00308,25.2
311.13,3066.5,44.6,9.5,5.46875,-8.59375,26.09759,0.98552,25.2
311.725,3037,44.6,8.5,6.25,-8.59375,25.47622,1.00796,25.2
312.34,2980.25,44.6,8.5,7.03125,-8.59375,25.47622,0.97185,25.2
312.972,2971,44.6,8.75,4.6875,-8.59375,24.85485,0.98186,25.2
313.739,2900,44.6,8.5,4.6875,-8.59375,24.85485,0.9921,25.2
314.346,2850.25,44.6,7.5,0,-8.59375,23.6121,1.00308,25.2
314.978,2733.25,44.6,6.75,0,-8.59375,23.6121,1.99882,25.2
315.615,2660.75,44.6,7.25,0,-8.59375,22.99073,1.99882,25.2
316.419,2558.75,44.6,6.75,0,-8.59375,22.36936,1.99882,25.2
317.054,2466.25,46.4,6.75,0,-8.59375,21.74799,1.99882,25.2
317.665,2357.25,46.4,6.25,0,-8.59375,19.88388,1.99882,25.2
318.283,2279,46.4,6,0,-8.59375,19.26251,1.99882,25.2
319,2187,46.4,5.75,0,-8.59375,18.64114,1.99882,25.2
319.618,2048.75,46.4,5.5,0,-8.59375,17.39839,1.99882,25.2
320.25,1808,46.4,4.75,0,-8.59375,16.77702,1.99882,25.2
320.902,1594,46.4,4,0,-8.59375,15.53428,1.99882,25.2
321.623,1175.5,46.4,3.5,0,-8.59375,13.04879,1.99882,25.2
322.261,1101.75,46.4,3,0,-8.59375,11.18468,1.27295,25.2
322.915,868.75,46.4,2.5,0,-8.59375,8.07783,1.11435,25.2
323.508,772.75,46.4,2.75,0,-8.59375,6.21371,1.05628,25.2
324.238,773.75,46.4,2.75,4.6875,-8.59375,3.72823,1.02602,25.2
324.971,787.5,48.2,2.75,7.03125,-8.59375,1.24274,0.98308,25.2
325.632,783.5,48.2,2.75,7.03125,-8.59375,0,0.95794,25.2
326.24,1139.25,48.2,8.5,-1.5625,-8.59375,0,0.89621,25.2
327.028,816.5,48.2,10.5,0.78125,-8.59375,0.62137,0.9965,25.2
327.657,1131.5,48.2,12.5,0,-8.59375,3.10686,0.91939,25.2
328.327,1624.75,48.2,12.75,-1.5625,-8.59375,4.97097,0.97307,25.2
328.971,1941.5,48.2,18,0,-8.59375,6.83508,0.9455,25.2
329.702,2289.25,48.2,20,3.90625,-8.59375,9.32057,0.96429,25.2
330.346,2614.5,46.4,20.75,3.125,-8.59375,10.56331,0.96551,25.2
330.969,3010.75,46.4,24.5,4.6875,-8.59375,12.42742,0.97307,25.2
331.597,3369.5,46.4,24.5,7.03125,-8.59375,13.67017,0.9921,25.2
332.31,3618.25,46.4,24.5,10.15625,-8.59375,15.53428,0.94062,25.2
332.973,3864.25,46.4,25.75,1.5625,-8.59375,16.77702,0.97795,25.2
333.658,4092,46.4,25.25,2.34375,-8.59375,18.64114,0.97185,25.2
334.32,4048.5,46.4,11.5,0,-7.8125,19.26251,0.99503,25.2
335.058,3386.25,46.4,9.25,-1.5625,-7.8125,19.26251,1.0126,25.2
335.721,2232.5,46.4,6.25,0,-7.8125,19.26251,1.02431,25.2
336.393,2357.75,46.4,21,-2.34375,-7.8125,19.26251,0.96673,25.2
337.036,2497.5,46.4,23.75,-3.125,-7.8125,19.88388,1.01431,25.2
337.796,2641.5,46.4,26,-1.5625,-7.8125,20.50525,1.01772,25.2
338.471,2789,46.4,26,-0.78125,-7.8125,22.36936,1.00796,25.2
339.087,2938.25,46.4,27.5,0.78125,-7.8125,22.99073,0.98552,25.2
339.695,3059.5,46.4,26.25,-1.5625,-7.8125,24.85485,0.99064,25.2
340.48,3140,46.4,26,-2.34375,-7.8125,25.47622,0.98942,25.2
341.132,3222.25,46.4,22,0.78125,-7.8125,26.09759,0.9965,25.2
341.759,3289,46.4,20,2.34375,-7.8125,26.71896,0.99503,25.2
342.401,3342.75,46.4,19.5,3.125,-7.8125,27.9617,1.00552,25.2
343.106,3388.25,46.4,19.25,4.6875,-7.8125,27.9617,1.00674,25.2
343.742,3423,46.4,19.5,3.90625,-7.8125,28.58307,1.00796,25.2
344.35,3459.25,46.4,19.75,7.03125,-7.8125,28.58307,0.97795,25.2
345.036,3510.75,46.4,19,3.90625,-7.8125,29.20445,0.98064,25.2
345.81,3523,46.4,17.5,-0.78125,-7.8125,29.20445,0.99503,25.2
346.444,3530.5,46.4,16,-2.34375,-7.8125,29.20445,1.00796,25.2
347.074,3544.75,46.4,14.25,-1.5625,-7.8125,29.20445,1.00308,25.2
347.716,3528,46.4,13.25,0.78125,-7.8125,29.20445,1.01431,25.2
348.481,3503.75,46.4,13,2.34375,-7.8125,29.20445,0.9921,25.2
349.128,3485,46.4,12.5,-0.78125,-7.8125,29.20445,1.00943,25.2
349.769,3447,46.4,13,0,-7.8125,29.20445,1.01431,25.2
350.386,3428.5,46.4,12.75,1.5625,-7.8125,28.58307,1.0126,25.2
351.103,3407,46.4,12.75,3.125,-7.8125,28.58307,1.00113,25.2
351.721,3386.25,46.4,12.25,2.34375,-7.8125,28.58307,0.99796,25.2
352.381,3371.5,46.4,12.5,0,-7.8125,28.58307,1.01431,25.2
353.013,3351.5,46.4,14.5,3.125,-7.8125,28.58307,0.9921,25.2
353.797,3344,46.4,15,2.34375,-7.8125,27.9617,0.99503,25.2
354.426,3351.5,46.4,14.75,2.34375,-7.8125,27.9617,0.98186,25.2
355.066,3311.5,46.4,14,-3.125,-7.8125,27.9617,0.9921,25.2
355.689,3297,46.4,16.25,-2.34375,-7.8125,27.9617,1.0126,25.2
356.47,3284.25,46.4,17.5,-1.5625,-7.8125,27.9617,1.0209,25.2
357.118,3254.5,46.4,17.5,0,-7.8125,27.9617,1.00674,25.2
357.753,3217.5,46.4,20,0.78125,-7.8125,26.71896,0.98308,25.2
358.392,3188.25,46.4,21.25,3.90625,-7.8125,26.71896,0.99796,25.2
359.159,3162.75,46.4,18.75,3.90625,-7.8125,26.71896,0.98308,25.2
359.764,3113.25,46.4,17.5,2.34375,-7.8125,26.09759,0.99796,25.2
360.427,3038.25,46.4,13.5,3.125,-7.8125,26.09759,0.98674,25.2
361.027,2917.5,46.4,9,1.5625,-7.8125,25.47622,0.9843,25.2
361.756,2777,46.4,7,-1.5625,-7.8125,23.6121,0.98796,25.2
362.391,2621.25,46.4,6.75,-2.34375,-7.8125,22.99073,0.98796,25.2
363.05,2416.75,46.4,6.5,0,-7.8125,21.74799,1.16949,25.2
363.673,2224,46.4,6.25,0,-7.8125,19.88388,1.99882,25.2
364.431,1511,46.4,4.75,0,-7.8125,18.64114,1.99882,25.2
365.044,1179.5,48.2,3.25,0,-7.8125,16.77702,1.4923,25.2
365.708,943.25,48.2,2.75,0,-7.8125,13.04879,1.18023,25.2
366.324,791,48.2,3,0,-7.8125,10.56331,1.06335,25.2
367.054,781.25,48.2,2.75,2.34375,-7.8125,6.83508,1.01089,25.2
367.695,787.5,48.2,2.75,4.6875,-7.8125,3.72823,0.97551,25.2
368.335,771.5,48.2,2.75,4.6875,-7.8125,1.24274,0.96429,25.2
368.952,1119,48.2,8.75,-0.78125,-7.8125,0,0.90719,25.2
369.647,1070.25,48.2,12.75,0.78125,-7.8125,0,0.93696,25.2
370.286,954.75,48.2,10.5,2.34375,-7.8125,1.86411,0.97307,25.2
370.921,1387.5,48.2,15,-0.78125,-7.8125,4.3496,0.86474,25.2
371.588,1772.25,48.2,16.25,-10.9375,-7.8125,6.83508,0.9555,25.2
372.326,2075.5,48.2,21.5,-2.34375,-7.8125,8.07783,0.99064,25.2
372.999,2403.75,48.2,22.75,2.34375,-7.8125,9.94194,0.95941,25.2
373.83,2769,48.2,27.75,1.5625,-7.8125,11.18468,0.97795,25.2
374.439,3076.25,48.2,26.25,0,-7.8125,13.04879,0.97942,25.2
375.146,3260,48.2,23.25,-0.78125,-7.8125,14.29154,0.99796,25.2
375.81,3366.5,48.2,23,4.6875,-7.8125,15.53428,1.00308,25.2
376.426,3552.75,48.2,23.5,5.46875,-7.8125,16.15565,0.96429,25.2
377.088,3710.5,48.2,23.25,-0.78125,-7.8125,16.15565,0.97307,25.2
377.773,3873.75,48.2,23.25,-0.78125,-7.8125,16.77702,1.0043,25.2
378.393,4016,48.2,20.25,0.78125,-7.8125,17.39839,0.98796,25.2
379.021,3997.25,48.2,9.25,0,-7.8125,18.64114,0.99357,25.2
379.658,3256.75,48.2,9,1.5625,-7.8125,18.64114,0.98796,25.2
380.413,2228,48.2,7,0,-7.8125,18.64114,1.99882,25.2
381.053,2159.75,48.2,13,0,-7.8125,17.39839,0.93598,25.2
381.672,2273.25,48.2,16.25,-5.46875,-7.8125,18.64114,0.9494,25.2
382.297,2379,48.2,20.5,-3.90625,-7.8125,19.26251,0.95672,25.2
383.019,2500.5,48.2,22.25,-5.46875,-7.8125,19.88388,0.95794,25.2
383.636,2583.75,48.2,16.75,0,-7.8125,20.50525,0.98552,25.2
384.252,2678.75,48.2,15.5,-0.78125,-7.8125,21.74799,0.99503,25.2
384.927,2722.5,48.2,13,0.78125,-7.8125,22.36936,1.00308,25.2
385.668,2748.25,48.2,11.75,2.34375,-7.8125,22.36936,0.96551,25.2
386.271,2744,46.4,8,-4.6875,-7.8125,22.99073,0.96673,25.2
386.94,2692.75,46.4,6.75,-1.5625,-7.8125,22.99073,1.02431,25.2
387.603,2630,46.4,6.75,0,-7.8125,22.36936,1.99882,25.2
388.377,2544,46.4,7,0,-7.8125,21.74799,1.99882,25.2
389.016,2476.25,48.2,6.75,0,-7.8125,21.74799,1.99882,25.2
389.668,2372.25,48.2,6.5,0,-7.8125,19.88388,1.99882,25.2
390.3,2247.5,48.2,6,0,-7.8125,19.26251,1.99882,25.2
391.071,2035.25,48.2,5.5,0,-7.8125,18.64114,1.99882,25.2
391.714,1826.5,48.2,4.75,0,-7.8125,16.77702,1.99882,25.2
392.361,1478.25,48.2,4,0,-7.8125,14.29154,1.99882,25.2
392.968,1238,48.2,3.25,0,-7.8125,12.42742,1.8217,25.2
393.677,1023.5,48.2,3,0,-7.8125,9.94194,1.20292,25.2
394.308,872.25,48.2,2.5,0,-7.8125,6.83508,1.07043,25.2
394.914,786,48.2,2.5,0,-7.8125,3.72823,1.01772,25.2
395.537,778.75,48.2,2.5,3.125,-7.8125,1.24274,0.99357,25.2
396.294,1181.5,48.2,7,2.34375,-7.8125,0,0.87767,25.2
396.916,930,50,9.5,0,-7.8125,0,0.97307,25.2
397.509,1032.5,50,13,2.34375,-7.8125,1.86411,0.9272,25.2
398.171,1511.75,50,13.75,-3.90625,-7.8125,4.3496,0.93818,25.2
398.891,1848,50,15.5,-1.5625,-7.8125,6.21371,0.96941,25.2
399.497,2232.75,48.2,20.25,-3.90625,-7.8125,7.45645,0.9965,25.2
400.147,2667.75,48.2,19.75,-3.90625,-7.8125,9.94194,0.97795,25.2
400.787,2972.5,48.2,20.25,-2.34375,-7.8125,11.18468,0.9921,25.2
401.51,3204.75,48.2,16.75,0,-7.8125,13.04879,1.00113,25.2
402.148,3443,48.2,16.75,6.25,-7.8125,14.29154,0.9921,25.2
402.764,3642.5,48.2,18.75,9.375,-7.8125,15.53428,0.94306,25.2
403.378,3824.5,48.2,18.5,7.03125,-7.8125,16.77702,0.95941,25.2
404.165,3974.5,48.2,18.5,8.59375,-7.8125,17.39839,0.96307,25.2
404.817,4123.5,48.2,18.25,10.15625,-7.8125,18.64114,0.9555,25.2
405.45,4024,48.2,10,8.59375,-7.8125,19.26251,0.93159,25.2
406.1,3375.5,48.2,9,0,-7.8125,19.26251,1.99882,25.2
406.835,2405,48.2,6.75,0,-7.8125,19.26251,1.88075,25.2
407.446,2455.25,48.2,12.5,0,-7.8125,19.88388,0.9172,25.2
408.076,2541.75,48.2,16,-5.46875,-7.8125,19.88388,0.95306,25.2
408.688,2573.5,48.2,10.75,-4.6875,-7.8125,20.50525,0.96795,25.2
409.411,2619.75,48.2,9,-3.90625,-7.8125,21.74799,0.94672,25.2
410.035,2640.25,48.2,7,-4.6875,-7.8125,21.74799,0.98674,25.2
410.688,2615.75,48.2,7,-2.34375,-7.8125,21.74799,0.97673,25.2
411.3,2589.25,48.2,7,0,-7.8125,21.74799,1.99882,25.2
412.035,2574,48.2,6.75,0,-7.8125,21.74799,1.99882,25.2
412.68,2530,48.2,7,0,-7.8125,21.74799,1.99882,25.2
413.351,2511.75,48.2,6.5,0,-7.8125,20.50525,1.99882,25.2
413.962,2529.25,48.2,6.5,0,-7.8125,20.50525,1.99882,25.2
414.668,2504,48.2,6.75,0,-7.8125,20.50525,1.99882,25.2
415.305,2510,48.2,6.5,0,-7.8125,20.50525,1.99882,25.2
415.96,2515.5,48.2,6.5,0,-7.8125,20.50525,1.99882,25.2
416.599,2508.5,48.2,6.5,0,-7.8125,20.50525,1.99882,25.2
417.352,2443.75,48.2,6.5,0,-7.8125,20.50525,1.99882,25.2
417.967,2349,48.2,6.25,0,-7.8125,19.88388,1.99882,25.2
418.603,2235.25,48.2,6,0,-7.8125,19.26251,1.99882,25.2
419.28,2090.75,48.2,5.5,0,-7.8125,18.64114,1.99882,25.2
420.041,1879,48.2,5,0,-7.8125,17.39839,1.99882,25.2
420.743,1271.75,50,3.75,0,-7.8125,15.53428,1.99882,25.2
421.364,1053.5,50,3,0,-7.8125,13.04879,1.26587,25.2
422.016,867,50,3,0,-7.8125,10.56331,1.11191,25.2
422.781,769.5,50,2.75,0,-7.8125,8.07783,1.02944,25.2
423.387,762.25,51.8,2.75,3.90625,-7.8125,4.97097,1.00308,25.2
424.068,772,51.8,3,4.6875,-7.8125,3.10686,0.97942,25.2
424.677,763,51.8,2.75,4.6875,-7.8125,1.24274,0.95672,25.2
425.393,772.75,51.8,3,4.6875,-7.8125,0,0.95672,25.2
426.022,775.25,51.8,3,3.90625,-7.8125,0,0.95428,25.2
426.636,776,51.8,2.75,3.90625,-7.8125,0,0.96063,25.2
427.267,781,51.8,2.75,4.6875,-7.8125,0,0.95941,25.2
428.03,786,51.8,2.75,4.6875,-7.8125,0,0.9555,25.2
428.647,774.25,51.8,3,3.90625,-7.8125,0,0.94794,25.2
429.332,789.75,51.8,2.75,3.90625,-7.8125,0,0.94794,25.2
429.961,779.75,51.8,2.75,3.125,-7.8125,0,0.95428,25.2
430.712,781.5,51.8,2.75,3.125,-7.8125,0,0.95306,25.2
431.331,785.5,51.8,2.75,3.125,-7.8125,0,0.9494,25.2
431.971,816.25,51.8,4.5,3.125,-7.8125,0,0.92159,25.2
432.588,1657.75,51.8,6,-6.25,-7.8125,0,0.9006,25.2
433.36,1324.5,51.8,3.75,-3.125,-7.8125,0,1.01943,25.2
434.018,1072.25,51.8,3,3.125,-7.8125,0,0.99064,25.2
434.647,899.75,51.8,2.75,3.125,-7.8125,0,0.96063,25.2
435.298,1383.5,51.8,12.5,0,-7.8125,0,0.85546,25.2
436.003,973.25,51.8,14.75,0,-7.8125,0.62137,0.98674,25.2
436.603,1286,50,12.5,-8.59375,-7.8125,3.72823,0.9172,25.2
437.222,1718.5,50,14.5,-14.84375,-7.8125,6.21371,0.97429,25.2
437.85,2060.5,50,17.75,-6.25,-7.8125,7.45645,0.99796,25.2
438.612,2460,50,21.5,-3.90625,-7.8125,9.32057,0.99064,25.2
439.235,2876.5,48.2,23.75,-3.90625,-7.8125,11.18468,0.98064,25.2
439.806,3170.75,48.2,21.75,-0.78125,-7.8125,13.67017,0.99064,25.2
440.438,3403.25,48.2,23.25,1.5625,-7.8125,14.29154,1.01089,25.2
441.181,3624.75,48.2,22,3.90625,-7.8125,15.53428,0.95794,25.2
441.773,3774,48.2,22.5,4.6875,-7.8125,16.77702,0.95184,25.2
442.392,3940.5,48.2,21,3.90625,-7.8125,17.39839,0.96941,25.2
443.03,4060,48.2,21.25,3.90625,-7.8125,18.64114,0.97673,25.2
443.778,4151,48.2,19.5,1.5625,-7.8125,18.64114,0.99796,25.2
444.425,3827.75,48.2,9.5,0,-7.8125,19.26251,0.97673,25.2
445.063,3000.25,48.2,8.5,0,-7.8125,19.26251,1.99882,25.2
445.663,2299,48.2,7.5,0,-7.8125,18.64114,1.1019,25.2
446.413,2289.75,48.2,14.75,-6.25,-7.8125,18.64114,0.95941,25.2
447.045,2366,48.2,16.5,-5.46875,-7.8125,19.26251,1.00796,25.2
447.658,2443.25,48.2,15,-3.125,-7.8125,19.88388,0.97307,25.2
448.28,2491.5,48.2,13,-4.6875,-7.8125,19.88388,0.96795,25.2
448.983,2527.25,48.2,12,-4.6875,-7.8125,20.50525,0.97185,25.2
449.661,2557.5,48.2,11.25,-0.78125,-7.8125,20.50525,0.95794,25.2
450.297,2495.75,48.2,6.5,-7.03125,-7.8125,21.74799,0.9921,25.2
450.948,2492.25,48.2,7,-6.25,-7.8125,20.50525,1.02431,25.2
451.732,2469.5,48.2,7,-4.6875,-7.8125,20.50525,0.9921,25.2
452.371,2424.25,48.2,6.75,-10.15625,-7.8125,19.88388,1.03529,25.2
453.132,2348.5,48.2,6,-7.03125,-7.8125,19.88388,1.01943,25.2
453.94,2300.75,48.2,6,-6.25,-7.8125,19.26251,1.00943,25.2
454.65,2256.25,48.2,5.75,1.5625,-7.8125,19.26251,0.95672,25.2
455.309,2229.75,51.8,5.5,-3.90625,-7.8125,18.64114,0.96307,25.2
455.982,2167.25,51.8,5.5,-5.46875,-7.8125,18.64114,0.9921,25.2
456.636,2092.5,51.8,5.25,0,-7.8125,17.39839,1.83952,25.2
457.422,2025.75,51.8,5.5,0,-7.8125,17.39839,1.99882,25.2
458.064,1930.75,51.8,5,0,-7.8125,16.77702,1.99882,25.2
458.693,1822.25,51.8,4.75,0,-7.8125,15.53428,1.99882,25.2
459.324,1701.5,51.8,4.25,0,-7.8125,14.29154,1.99882,25.2
460.114,1538,51.8,3.75,0,-7.8125,13.67017,1.99882,25.2
460.756,1266.75,53.6,4.5,0,-7.8125,13.04879,1.40788,25.2
461.366,944,53.6,2.75,0,-7.8125,10.56331,1.1529,25.2
461.981,825,53.6,3,0,-7.8125,9.32057,1.03944,25.2
462.689,768.5,53.6,2.75,0.78125,-7.8125,7.45645,1.00308,25.2
463.354,773,53.6,2.75,3.125,-7.8125,6.21371,0.9843,25.2
464.022,777,53.6,2.75,3.90625,-7.8125,3.72823,0.96941,25.2
464.645,758.25,53.6,2.75,3.90625,-7.8125,1.86411,0.96063,25.2
465.417,764.75,53.6,2.5,3.125,-7.8125,1.24274,0.95428,25.2
466.035,777,53.6,2.75,3.125,-7.8125,0,0.96063,25.2
466.699,777.5,53.6,2.75,3.90625,-7.8125,0,0.96063,25.2
467.325,774,53.6,2.75,3.90625,-7.8125,0,0.95306,25.2
468.067,779.25,53.6,2.75,3.90625,-7.8125,0,0.96795,25.2
468.71,787.75,53.6,2.75,5.46875,-7.8125,0,0.99064,25.2
469.328,783.5,53.6,2.75,7.03125,-7.8125,0,0.97942,25.2
469.967,778.5,53.6,2.75,7.03125,-7.8125,0,0.95672,25.2
470.682,774.25,53.6,2.75,6.25,-7.8125,0,0.94062,25.2
471.297,784.5,53.6,2.75,5.46875,-7.8125,0,0.93379,25.2
471.938,779.25,53.6,2.75,3.90625,-7.8125,0,0.93696,25.2
472.557,780.75,53.6,2.75,3.125,-7.8125,0,0.94062,25.2
473.281,777.25,53.6,2.75,3.125,-7.8125,0,0.9394,25.2
473.901,777.75,53.6,2.75,2.34375,-7.8125,0,0.9394,25.2
474.506,776.75,53.6,2.75,1.5625,-7.8125,0,0.9455,25.2
475.203,773.75,53.6,3,0.78125,-7.8125,0,0.9494,25.2
475.918,775.5,53.6,3,0.78125,-7.8125,0,0.94672,25.2
476.559,777,53.6,3,0,-7.8125,0,0.94184,25.2
477.213,768.5,53.6,3,-0.78125,-7.8125,0,0.9455,25.2
477.826,777.5,53.6,3,-0.78125,-7.8125,0,0.9494,25.2
478.557,770.25,53.6,3,-1.5625,-7.8125,0,0.95062,25.2
479.308,779,53.6,3,-1.5625,-7.8125,0,0.95794,25.2
479.972,772.25,53.6,3,-0.78125,-7.8125,0,0.95941,25.2
480.579,791.25,53.6,3,-1.5625,-7.8125,0,0.96673,25.2
481.282,795,53.6,3,-0.78125,-7.8125,0,0.97795,25.2
481.884,784,53.6,3,0.78125,-7.8125,0,0.97063,25.2
482.483,779,53.6,2.75,5.46875,-7.8125,0,0.96673,25.2
483.088,772.75,53.6,3,1.5625,-7.8125,0,0.97185,25.2
483.775,781.5,53.6,2.75,3.125,-7.8125,0,0.9843,25.2
484.369,780.25,53.6,2.75,8.59375,-7.8125,0,0.99796,25.2
484.987,781,53.6,2.75,10.9375,-7.8125,0,1.00796,25.2
485.605,788.25,53.6,2.75,3.90625,-7.8125,0,1.00113,25.2
486.277,768.25,53.6,3,4.6875,-7.8125,0,0.99942,25.2
486.893,781.25,53.6,3,6.25,-7.8125,0,0.97942,25.2
487.485,773.75,53.6,3,6.25,-7.8125,0,0.96795,25.2
488.082,778.5,53.6,2.75,6.25,-7.8125,0,0.96063,25.2
488.782,777.5,53.6,3,6.25,-7.8125,0,0.95428,25.2
489.374,774,53.6,2.75,5.46875,-7.8125,0,0.95062,25.2
489.98,777,53.6,2.75,5.46875,-7.8125,0,0.95794,25.2
490.584,778.5,53.6,3,5.46875,-7.8125,0,0.96185,25.2
491.283,774.25,53.6,2.75,6.25,-7.8125,0,0.96185,25.2
491.895,779.25,53.6,3,1.5625,-7.8125,0,0.95306,25.2
492.482,779,53.6,3,1.5625,-7.8125,0,0.9494,25.2
493.08,773.75,53.6,3,1.5625,-7.8125,0,0.9494,25.2
493.806,781,53.6,2.75,0.78125,-7.8125,0,0.95428,25.2
494.387,780.25,53.6,2.75,0.78125,-7.8125,0,0.9555,25.2
495.004,781.75,53.6,2.75,0.78125,-7.8125,0,0.9555,25.2
495.577,786,53.6,2.75,1.5625,-7.8125,0,0.96063,25.2
496.283,779.5,53.6,3,1.5625,-7.8125,0,0.95794,25.2
496.887,779.75,53.6,3,1.5625,-7.8125,0,0.95428,25.2
497.505,780.75,53.6,3,1.5625,-7.8125,0,0.94672,25.2
498.113,779.5,53.6,3,4.6875,-7.8125,0,0.94672,25.2
498.85,784.5,53.6,3,4.6875,-7.8125,0,0.94428,25.2
499.634,777.25,55.4,3,3.90625,-7.8125,0,0.95306,25.2
500.406,779.25,55.4,3,3.90625,-7.8125,0,0.95428,25.2
501.001,776.5,55.4,3,0,-7.8125,0,0.95062,25.2
501.683,780.25,55.4,3,-0.78125,-7.8125,0,0.95306,25.2
502.28,782.75,55.4,3,-0.78125,-7.8125,0,0.95306,25.2
502.879,788,55.4,3,3.125,-7.8125,0,0.94672,25.2
503.474,785,55.4,2.75,-0.78125,-7.8125,0,0.95428,25.2
504.178,775.5,55.4,2.75,3.125,-7.8125,0,0.95794,25.2
504.797,784.5,55.4,2.75,3.90625,-7.8125,0,0.96429,25.2
505.515,780.75,55.4,2.75,3.90625,-7.8125,0,0.96185,25.2
506.11,777.5,55.4,2.75,3.125,-7.8125,0,0.96307,25.2
506.779,770.5,55.4,2.75,1.5625,-7.8125,0,0.96429,25.2
507.384,777,55.4,3,-4.6875,-7.8125,0,0.97429,25.2
507.979,778.25,55.4,3,-1.5625,-7.8125,0,0.98186,25.2
508.584,770.75,55.4,3,-2.34375,-7.8125,0,0.9921,25.2
509.375,772,55.4,3,-2.34375,-7.8125,0,0.9965,25.2
509.972,784.25,57.2,3,-7.03125,-7.8125,0,1.00113,25.2
510.568,785.5,57.2,3,-7.03125,-7.8125,0,1.00552,25.2
511.196,780.5,57.2,3,-7.03125,-7.8125,0,1.00674,25.2
511.91,789,57.2,3,-7.03125,-7.8125,0,1.00552,25.2
512.504,786.75,57.2,3,-3.125,-7.8125,0,1.00674,25.2
513.159,780,57.2,3,-3.125,-7.8125,0,1.00796,25.2
513.798,784.75,57.2,3,-3.125,-7.8125,0,1.00796,25.2
514.533,777.25,57.2,3,-3.125,-7.8125,0,1.0126,25.2
515.145,772.75,57.2,3,-2.34375,-7.8125,0,1.02602,25.2
515.784,1040,57.2,6,-0.78125,-7.8125,0,0.94672,25.2
516.452,1189.5,57.2,9.5,-7.03125,-7.8125,0,0.97063,25.2
517.168,927,57.2,12,-10.15625,-7.8125,0,1.01089,25.2
517.817,1220.25,53.6,15.25,-9.375,-7.8125,3.10686,0.99796,25.2
518.455,1698.75,53.6,13.25,-7.8125,-7.8125,4.97097,0.96941,25.2
519.09,2049.25,53.6,19.25,-7.8125,-7.8125,7.45645,0.96307,25.2
519.825,2471.75,53.6,23.25,-8.59375,-7.8125,9.32057,1.01772,25.2
520.455,2884.75,53.6,28.25,-3.125,-7.8125,11.18468,1.0043,25.2
521.06,3248.5,53.6,27.75,-0.78125,-7.8125,13.67017,0.99796,25.2
521.722,3530.5,53.6,27.25,2.34375,-7.8125,14.29154,1.00552,25.2
522.486,3700,53.6,25.25,4.6875,-7.8125,16.15565,0.96429,25.2
523.157,3962.25,53.6,26,-0.78125,-7.8125,16.77702,1.01089,25.2
523.796,4222.75,53.6,27.75,-1.5625,-7.8125,18.64114,1.00796,25.2
524.537,4418.75,53.6,25.5,-7.03125,-7.8125,19.88388,0.95062,25.2
525.395,4275.75,53.6,9.25,-4.6875,-7.8125,20.50525,1.0043,25.2
526.029,3323.5,51.8,8.75,0,-7.8125,19.88388,1.99882,25.2
526.67,2382.25,51.8,6,0,-7.8125,19.88388,1.62992,25.2
527.338,2366.25,51.8,17.5,-0.78125,-7.8125,19.26251,0.89841,25.2
528.075,2465,51.8,17.5,-7.03125,-7.8125,19.88388,0.96673,25.2
528.7,2546.5,53.6,17,-3.125,-7.8125,20.50525,0.96551,25.2
529.319,2620.5,53.6,11,-3.125,-7.8125,21.74799,0.95184,25.2
529.994,2621.75,53.6,9.25,-5.46875,-7.8125,21.74799,0.95428,25.2
530.732,2631.25,53.6,8.75,0.78125,-7.8125,21.74799,0.96307,25.2
531.404,2590.75,53.6,6.75,3.125,-7.8125,21.74799,0.98308,25.2
532.033,2576.25,53.6,7.5,6.25,-7.8125,21.74799,0.91061,25.2
532.688,2553.25,53.6,9,-2.34375,-7.8125,21.74799,0.95428,25.2
533.426,2569.5,53.6,9.75,-7.8125,-7.8125,21.74799,0.9921,25.2
534.046,2564.75,53.6,10.75,-4.6875,-7.8125,21.74799,1.02944,25.2
534.671,2573,53.6,10.25,-3.90625,-7.8125,21.74799,1.0043,25.2
535.338,2577.75,53.6,6.25,-1.5625,-7.8125,21.74799,1.03944,25.2
536.067,2495,53.6,6.5,6.25,-7.8125,21.74799,1.0126,25.2
536.715,2432,53.6,6.5,0,-7.8125,20.50525,1.99882,25.2
537.316,2340.75,53.6,6.5,0,-7.8125,19.88388,1.99882,25.2
537.93,2261,53.6,6,0,-7.8125,19.26251,1.99882,25.2
538.671,2183,53.6,5.75,0,-7.8125,18.64114,1.99882,25.2
539.323,2106,55.4,5.5,0,-7.8125,17.39839,1.99882,25.2
539.932,1985.75,55.4,5.25,0,-7.8125,17.39839,1.99882,25.2
540.559,1805,55.4,4.5,0,-7.8125,16.15565,1.99882,25.2
541.289,1635.25,55.4,4.25,0,-7.8125,14.29154,1.99882,25.2
541.93,1454,57.2,3.75,0,-7.8125,13.04879,1.99882,25.2
542.639,1273,57.2,3,0,-7.8125,11.18468,1.99882,25.2
543.307,1080.75,57.2,2.75,0,-7.8125,9.94194,1.99882,25.2
544.094,861.5,57.2,2.75,0,-7.8125,8.07783,1.34639,25.2
544.761,792.25,57.2,2.5,0,-7.8125,6.83508,1.0453,25.2
545.384,769.25,57.2,2.5,0,-7.8125,4.97097,0.97551,25.2
545.988,776,57.2,2.5,0.78125,-7.8125,3.72823,0.95794,25.2
546.736,788.25,57.2,2.5,0,-7.8125,1.86411,0.94428,25.2
547.341,787.25,59,2.5,-0.78125,-7.8125,1.24274,0.94794,25.2
547.97,784.75,59,2.5,-0.78125,-7.8125,0,0.95306,25.2
548.606,810.5,59,6.25,0,-7.8125,0,0.93476,25.2
549.375,863.5,59,7,0,-7.8125,0,0.91598,25.2
550.003,834,59,8.5,-1.5625,-7.8125,1.24274,0.88621,25.2
550.623,1324.25,59,11.25,-6.25,-7.8125,3.72823,0.96063,25.2
551.256,1693.75,59,13,-6.25,-7.8125,6.21371,0.98064,25.2
551.96,2004.5,59,15.25,-3.90625,-7.8125,7.45645,0.96551,25.2
552.591,2294.75,53.6,15.75,-3.90625,-7.8125,9.32057,0.98796,25.2
553.206,2584.25,53.6,19.5,-3.125,-7.8125,10.56331,0.97307,25.2
553.889,2843.5,53.6,23,-3.125,-7.8125,12.42742,0.99064,25.2
554.635,3101,53.6,26.5,-1.5625,-7.8125,13.04879,0.98942,25.2
555.324,3436.75,53.6,27,5.46875,-7.8125,14.29154,0.97942,25.2
555.949,3771.5,53.6,27.25,6.25,-7.8125,16.15565,0.96185,25.2
556.605,4062.25,53.6,28.75,5.46875,-7.8125,17.39839,0.96429,25.2
557.334,4262.5,53.6,28,0.78125,-7.8125,18.64114,0.97551,25.2
557.945,4474.25,53.6,29.5,-1.5625,-7.8125,19.88388,0.97942,25.2
558.561,4621,53.6,22.75,-6.25,-7.8125,20.50525,0.9921,25.2
559.189,4189.75,53.6,10.5,0,-7.8125,21.74799,1.0226,25.2
559.93,3524,53.6,9.5,0,-7.8125,21.74799,1.99882,25.2
560.536,2565,53.6,17.25,0,-7.8125,21.74799,0.8928,25.2
561.138,2726,53.6,29.25,-7.03125,-7.8125,21.74799,0.99796,25.2
561.759,2866.5,53.6,26.5,-1.5625,-7.8125,22.99073,0.97063,25.2
562.536,2974,53.6,22,-0.78125,-7.8125,23.6121,0.9965,25.2
563.181,3056.75,53.6,18.5,0.78125,-7.8125,24.85485,0.99796,25.2
563.837,3094,53.6,15.5,1.5625,-7.8125,25.47622,0.9965,25.2
564.47,3109.75,53.6,12.5,-2.34375,-7.8125,26.09759,1.01089,25.2
565.18,3116.75,53.6,11,0,-7.8125,26.09759,0.98552,25.2
565.821,3073.75,53.6,8.25,-2.34375,-7.8125,26.09759,1.0209,25.2
566.452,2980.25,53.6,7.5,0,-7.8125,25.47622,1.99882,25.2
567.08,2902,53.6,7.75,0,-7.8125,24.85485,1.99882,25.2
567.831,2805.25,53.6,7.75,0,-7.8125,23.6121,1.99882,25.2
568.47,2704.75,53.6,7.5,0,-7.8125,22.99073,1.99882,25.2
569.087,2498.75,53.6,6.75,0,-7.8125,22.36936,1.99882,25.2
569.75,2311,53.6,6.5,0,-7.8125,20.50525,1.99882,25.2
570.478,2165.5,53.6,6,0,-7.8125,19.26251,1.99882,25.2
571.129,1991.75,57.2,5.25,0,-7.8125,17.39839,1.99882,25.2
571.793,1866.5,57.2,4.75,0,-7.8125,16.15565,1.99882,25.2
572.437,1732.75,57.2,4.5,0,-7.8125,15.53428,1.99882,25.2
573.164,1496.5,57.2,3.75,0,-7.8125,13.67017,1.99882,25.2
573.805,1229.5,59,3.25,0,-7.8125,12.42742,1.99882,25.2
574.405,1000.25,59,2.5,0,-7.8125,9.32057,1.70971,25.2
575.03,819.75,59,2.75,0,-7.8125,6.83508,1.20292,25.2
575.753,788.25,59,2.5,0,-7.8125,4.97097,1.04139,25.2
576.339,782.25,59,2.5,0.78125,-7.8125,4.3496,0.97063,25.2
576.957,770,59,2.25,0.78125,-7.8125,4.3496,0.94794,25.2
577.593,772.75,59,2.5,0,-7.8125,4.3496,0.94672,25.2
578.371,779.5,59,2.5,-0.78125,-7.8125,4.3496,0.9494,25.2
579.003,776.75,59,2.5,-0.78125,-7.8125,3.10686,0.94428,25.2
579.629,786.5,59,2.5,-1.5625,-7.8125,1.86411,0.95062,25.2
580.253,898,59,6.75,-0.78125,-7.8125,1.24274,0.93696,25.2
581.015,768,59,10,0,-7.8125,1.24274,0.92378,25.2
581.663,1149.75,59,14.5,-1.5625,-7.8125,3.10686,0.91378,25.2
582.288,1739,59,16.5,-8.59375,-7.8125,4.97097,0.96307,25.2
582.899,2219.5,59,22.75,-0.78125,-7.8125,7.45645,0.97307,25.2
583.639,2673.75,59,31.25,1.5625,-7.8125,9.94194,0.96673,25.2
584.3,3179.5,55.4,27.5,-0.78125,-7.8125,12.42742,0.99064,25.2
585.038,3570,55.4,30.5,2.34375,-7.8125,14.29154,0.97942,25.2
585.676,3872.25,55.4,17.25,-2.34375,-7.8125,16.77702,0.98064,25.2
586.503,3933.25,55.4,19,0.78125,-7.8125,17.39839,0.99796,25.2
587.115,4042,53.6,21.75,7.03125,-7.8125,18.64114,0.94062,25.2
587.711,4208,53.6,22,5.46875,-7.8125,19.26251,0.95184,25.2
588.317,4221,53.6,11.75,4.6875,-7.8125,19.26251,0.96307,25.2
589.046,3811.25,53.6,10.25,3.90625,-7.8125,19.88388,0.97063,25.2
589.704,2948.25,53.6,8.5,0,-7.8125,19.26251,1.99882,25.2
590.367,2345.25,53.6,7.75,0,-7.8125,19.26251,0.98064,25.2
591.022,2407.5,53.6,19.75,-10.15625,-7.8125,19.26251,0.98796,25.2
591.769,2518.5,53.6,21.25,-5.46875,-7.8125,19.88388,1.00674,25.2
592.414,2631.75,55.4,21.75,3.125,-7.8125,20.50525,0.97185,25.2
593.053,2753,55.4,19.75,3.90625,-7.8125,22.36936,0.95941,25.2
593.705,2842.25,55.4,19.25,4.6875,-7.8125,22.99073,0.94306,25.2
594.455,2912.75,55.4,15.75,3.90625,-7.8125,23.6121,0.95794,25.2
595.085,2937.5,53.6,12.5,-3.90625,-7.8125,23.6121,0.95941,25.2
595.734,2935.5,53.6,10.5,-6.25,-7.8125,24.85485,1.01089,25.2
596.383,2916,53.6,9.5,-6.25,-7.8125,24.85485,1.02431,25.2
597.136,2871.25,53.6,8,-2.34375,-7.8125,24.85485,1.04334,25.2
597.766,2795.75,55.4,7.25,0,-7.8125,23.6121,1.99882,25.2
598.425,2712,55.4,7.25,0,-7.8125,22.99073,1.99882,25.2
599.067,2627.5,55.4,7,0,-7.8125,22.36936,1.99882,25.2
599.79,2519,55.4,7,0,-7.8125,21.74799,1.99882,25.2
600.44,2443.25,57.2,6.5,0,-7.8125,20.50525,1.99882,25.2
601.095,2352,57.2,6.25,0,-7.8125,19.88388,1.99882,25.2
601.741,2269,57.2,6,0,-7.8125,19.26251,1.99882,25.2
602.47,2151,57.2,5.75,0,-7.8125,18.64114,1.99882,25.2
603.104,1952.25,59,5.5,0,-7.8125,17.39839,1.99882,25.2
603.709,1657.5,59,4.25,0,-7.8125,16.15565,1.99882,25.2
604.358,1344.25,59,3.5,0,-7.8125,13.04879,1.99882,25.2
605.074,1162.5,59,2.75,0,-7.8125,10.56331,1.99882,25.2
605.73,961,59,2.75,0,-7.8125,9.32057,1.20292,25.2
606.337,810.25,59,2.5,0,-7.8125,6.83508,1.04334,25.2
607.022,776.5,59,2.5,0,-7.8125,4.3496,0.98552,25.2
607.768,776.75,59,2.5,0.78125,-7.8125,3.10686,0.9455,25.2
608.382,790.5,59,2.5,-0.78125,-7.8125,0.62137,0.93159,25.2
609.022,770.5,59,5.25,-1.5625,-7.8125,0,0.93818,25.2
609.661,609.75,59,6,0,-7.8125,0,0.91378,25.2
610.454,814.75,59,9,0,-7.8125,1.24274,0.91061,25.2
611.042,1274.75,59,12,-4.6875,-7.8125,3.72823,0.94184,25.2
611.673,1689.75,59,11,-3.90625,-7.8125,6.21371,0.96551,25.2
612.28,1944.75,59,15,1.5625,-7.8125,7.45645,0.96185,25.2
612.996,2264.25,59,17.25,0.78125,-7.8125,8.07783,0.95794,25.2
613.598,2536,57.2,19,-2.34375,-7.8125,10.56331,0.97429,25.2
614.215,2952.75,57.2,24.5,-2.34375,-7.8125,12.42742,0.9921,25.2
614.845,3218,57.2,24.5,-0.78125,-7.8125,13.67017,0.99064,25.2
615.57,3462.5,57.2,23.5,2.34375,-7.8125,14.29154,0.99503,25.2
616.229,3704.5,55.4,24.25,1.5625,-7.8125,16.15565,0.97673,25.2
616.827,3947.75,55.4,25,0.78125,-7.8125,17.39839,0.97551,25.2
617.476,4138.5,55.4,21.75,-0.78125,-7.8125,18.64114,0.97795,25.2
618.162,4131,55.4,10,-8.59375,-7.8125,19.26251,0.9555,25.2
618.812,3453,53.6,9,0,-7.8125,19.26251,1.07043,25.2
619.41,2361.5,53.6,6.25,0,-7.8125,18.64114,1.29735,25.2
620.057,2349.75,53.6,20.25,-3.125,-7.8125,18.64114,0.93037,25.2
620.776,2460.25,53.6,24.25,-5.46875,-7.8125,19.26251,1.00796,25.2
621.378,2610.5,57.2,26.5,-4.6875,-7.8125,20.50525,0.99503,25.2
622.007,2762.75,57.2,23,-3.125,-7.8125,21.74799,0.96673,25.2
622.627,2874,57.2,23,-1.5625,-7.8125,22.99073,0.96941,25.2
623.353,2951,57.2,15.25,-3.90625,-7.8125,23.6121,0.96795,25.2
624.024,2968.5,55.4,11.75,-6.25,-7.8125,24.85485,0.9843,25.2
624.709,2969.5,55.4,9.75,-7.8125,-7.8125,24.85485,1.00943,25.2
625.35,2944.75,55.4,8.25,-7.03125,-7.8125,24.85485,1.01602,25.2
626.067,2919.75,55.4,7.75,0,-7.8125,24.85485,1.0226,25.2
626.72,2884.5,57.2,7.5,3.90625,-7.8125,24.85485,0.97795,25.2
627.362,2802,57.2,7.25,0,-7.8125,23.6121,1.99882,25.2
627.979,2711.25,57.2,7.5,0,-7.8125,22.99073,1.99882,25.2
628.703,2626.25,57.2,7.25,0,-7.8125,22.36936,1.99882,25.2
629.306,2534.5,57.2,7,0,-7.8125,21.74799,1.99882,25.2
629.933,2454.5,57.2,6.5,0,-7.8125,20.50525,1.99882,25.2
630.573,2364.75,57.2,6.5,0,-7.8125,19.88388,1.99882,25.2
631.282,2288.5,57.2,6,0,-7.8125,19.26251,1.99882,25.2
631.919,2196.5,59,5.75,0,-7.8125,19.26251,1.99882,25.2
632.53,2043,59,5.75,0,-7.8125,17.39839,1.99882,25.2
633.158,1854.5,59,4.75,0,-7.8125,16.77702,1.99882,25.2
633.934,1627.75,59,4,0,-7.8125,15.53428,1.99882,25.2
634.6,1383.25,59,3.5,0,-7.8125,13.04879,1.99882,25.2
635.241,1125.5,59,2.75,0,-7.8125,10.56331,1.99882,25.2
635.865,891.75,59,2.5,0,-7.8125,9.32057,1.28686,25.2
636.577,790,59,2.5,0,-7.8125,7.45645,1.08238,25.2
637.202,774.25,60.8,2.5,0,-7.8125,6.21371,1.00113,25.2
637.84,775.75,60.8,2.5,0.78125,-7.8125,3.72823,0.9455,25.2
638.466,781,60.8,2.5,0,-7.8125,1.86411,0.93037,25.2
639.167,779.75,60.8,2.5,-1.5625,-7.8125,0,0.93598,25.2
639.841,760,60.8,2.5,-2.34375,-7.8125,0,0.95306,25.2
640.503,949.75,60.8,5,-4.6875,-7.8125,0,0.92159,25.2
641.138,779.25,60.8,8.5,0,-7.8125,0.62137,0.93476,25.2
641.9,947.25,60.8,7,-3.90625,-7.8125,1.86411,0.91598,25.2
642.524,1332,59,10.75,-5.46875,-7.8125,3.72823,0.96795,25.2
643.178,1773,59,13.25,-3.90625,-7.8125,6.21371,0.96429,25.2
643.858,2112.25,59,15.75,-3.90625,-7.8125,8.07783,0.98674,25.2
644.687,2465.25,59,17.5,-3.125,-7.8125,9.94194,0.9843,25.2
645.419,2868.75,57.2,24.5,0.78125,-7.8125,11.18468,0.98186,25.2
646.067,3359,57.2,27.5,0.78125,-7.8125,13.67017,0.9965,25.2
646.704,3676.75,57.2,31.25,3.125,-7.8125,15.53428,0.96429,25.2
647.459,4044,57.2,33.25,1.5625,-7.8125,16.77702,0.98796,25.2
648.111,4303.5,57.2,34.75,0,-7.8125,18.64114,0.96551,25.2
648.75,4626.75,57.2,36,1.5625,-7.8125,19.88388,0.94306,25.2
649.392,4914,57.2,38.75,-0.78125,-7.8125,21.74799,0.99357,25.2
650.11,5146.5,57.2,41,0,-7.8125,22.99073,0.8906,25.2
650.753,4826.25,57.2,11.5,-1.5625,-7.8125,23.6121,0.98942,25.2
651.386,3871.75,57.2,10,0,-7.8125,23.6121,1.99882,25.2
652.007,2881.5,57.2,6.25,0,-7.8125,23.6121,1.0043,25.2
652.74,2950,57.2,32.75,-7.8125,-7.8125,23.6121,1.02944,25.2
653.381,3080.25,59,31.5,0.78125,-7.8125,24.85485,0.9843,25.2
654.003,3288,59,33,1.5625,-7.8125,26.09759,0.96673,25.2
654.641,3351.75,59,12.75,0,-7.8125,27.9617,0.93379,25.2
655.372,3384.75,59,12.75,-9.375,-7.8125,28.58307,0.99942,25.2
655.973,3397,57.2,10.25,0.78125,-7.8125,28.58307,1.0209,25.2
656.611,3381.25,57.2,11.5,1.5625,-7.8125,28.58307,0.98942,25.2
657.262,3362.25,57.2,10.75,1.5625,-7.8125,28.58307,0.9921,25.2
658.016,3366.5,57.2,10,3.125,-7.8125,28.58307,0.98308,25.2
658.639,3379.75,57.2,12.25,-3.90625,-7.8125,28.58307,0.9965,25.2
659.29,3368,57.2,12.5,-3.125,-7.8125,28.58307,1.00796,25.2
659.929,3391.25,57.2,12.75,-2.34375,-7.8125,28.58307,1.00552,25.2
660.658,3387,57.2,12.25,-0.78125,-7.8125,28.58307,0.9965,25.2
661.289,3372.25,57.2,12,-0.78125,-7.8125,28.58307,0.99796,25.2
661.916,3362.75,57.2,12,3.125,-7.8125,28.58307,0.98942,25.2
662.601,3347,57.2,12.25,3.125,-7.8125,28.58307,0.98674,25.2
663.35,3334.25,57.2,12.75,2.34375,-7.8125,27.9617,0.9965,25.2
663.971,3368.5,57.2,13.75,2.34375,-7.8125,27.9617,0.97942,25.2
664.57,3373,57.2,14,-3.125,-7.8125,28.58307,0.98942,25.2
665.228,3362.75,57.2,13,-3.125,-7.8125,28.58307,0.98308,25.2
665.983,3362.25,57.2,11,-3.90625,-7.8125,28.58307,1.01602,25.2
666.591,3333.5,57.2,9.5,-1.5625,-7.8125,27.9617,1.01943,25.2
667.286,3271.75,57.2,8.75,-1.5625,-7.8125,27.9617,0.98552,25.2
667.903,3202.5,57.2,8.5,0,-7.8125,27.9617,1.99882,25.2
668.666,3128.75,57.2,8,0,-7.8125,26.71896,1.99882,25.2
669.338,3043,59,7.75,0,-7.8125,26.09759,1.99882,25.2
669.979,2958.5,59,7.75,0,-7.8125,25.47622,1.99882,25.2
670.62,2899,59,7.5,0,-7.8125,24.85485,1.99882,25.2
671.377,2806.5,59,7.75,0,-7.8125,23.6121,1.99882,25.2
671.996,2731,59,7,0,-7.8125,22.99073,1.99882,25.2
672.62,2530.5,59,7,0,-7.8125,22.36936,1.99882,25.2
673.226,2347,59,6.75,0,-7.8125,20.50525,1.99882,25.2
673.998,2054.5,59,6,0,-7.8125,19.26251,1.99882,25.2
674.639,1738.75,59,4.75,0,-7.8125,16.77702,1.99882,25.2
675.279,1099,59,3,0,-7.8125,13.04879,1.99882,25.2
675.888,1097.75,59,3,0,-7.8125,10.56331,1.40349,25.2
676.623,953.25,59,2.75,0,-7.8125,9.94194,1.11679,25.2
677.267,822.25,60.8,3,0,-7.8125,9.94194,1.03529,25.2
677.896,777,60.8,2.5,2.34375,-7.8125,9.94194,0.99503,25.2
678.491,772,60.8,2.5,3.125,-7.8125,9.32057,0.94062,25.2
679.252,771.5,60.8,2.5,0.78125,-7.8125,6.83508,0.92159,25.2
679.87,783.25,62.6,2.75,-0.78125,-7.8125,4.97097,0.93818,25.2
680.522,781.5,62.6,2.5,-0.78125,-7.8125,1.86411,0.9455,25.2
681.133,779.5,62.6,2.5,0,-7.8125,0,0.97429,25.2
681.894,770,62.6,2.5,1.5625,-7.8125,0,0.9843,25.2
682.531,1117.5,64.4,5.5,-1.5625,-7.8125,0,0.9028,25.2
683.162,711.25,64.4,8.75,0,-7.8125,0.62137,0.95062,25.2
683.812,1047,64.4,9.25,-2.34375,-7.8125,3.10686,0.92598,25.2
684.562,1459.75,64.4,10.75,-4.6875,-7.8125,4.3496,0.94794,25.2
685.335,1822.25,59,15,-4.6875,-7.8125,6.83508,1.0043,25.2
686.004,2336.5,59,20,0.78125,-8.59375,9.32057,0.97673,25.2
686.622,2807.25,59,28.25,0.78125,-8.59375,11.18468,0.96795,25.2
687.319,3255.5,59,26.5,3.125,-8.59375,13.04879,0.96795,25.2
687.958,3492.75,57.2,21.5,7.8125,-7.8125,15.53428,0.97551,25.2
688.605,3708.25,57.2,20.5,7.8125,-7.8125,16.15565,0.93476,25.2
689.313,3836.75,57.2,20,1.5625,-7.8125,16.77702,0.97429,25.2
690.048,3958.75,57.2,17.25,3.90625,-7.8125,17.39839,0.97185,25.2
690.645,4025,57.2,16.75,4.6875,-7.8125,18.64114,0.97673,25.2
691.248,4110,57.2,17,3.90625,-7.8125,18.64114,0.96551,25.2
691.868,4155,57.2,17.25,1.5625,-7.8125,19.26251,0.98308,25.2
692.601,4215.25,57.2,16.75,4.6875,-7.8125,19.26251,0.98186,25.2
693.19,4236,57.2,15.25,2.34375,-7.8125,19.26251,0.99796,25.2
693.812,4186.25,57.2,10.25,7.03125,-7.8125,19.88388,0.98308,25.2
694.44,4062.75,57.2,11,7.03125,-7.8125,19.26251,0.97942,25.2
695.171,3884.5,57.2,10.5,0,-7.8125,19.26251,1.99882,25.2
695.842,3696.75,57.2,10,0,-7.8125,18.64114,1.99882,25.2
696.457,3448.5,57.2,9,0,-7.8125,16.77702,1.99882,25.2
697.102,3225,57.2,8.5,0,-7.8125,16.15565,1.99882,25.2
697.833,2987,57.2,8,0,-7.8125,15.53428,1.99882,25.2
698.472,2815.75,59,7.75,0,-7.8125,13.67017,1.99882,25.2
699.095,2597.25,59,7,0,-7.8125,13.04879,1.86904,25.2
699.753,2510.25,59,6.75,0,-7.8125,12.42742,0.95794,25.2
700.468,2481.25,59,7,-2.34375,-7.8125,11.18468,0.90939,25.2
701.127,2478.25,59,8,-7.8125,-7.8125,11.18468,0.9394,25.2
701.742,2495.5,59,7.75,-7.8125,-7.8125,11.18468,0.95428,25.2
702.357,2488.5,59,7.5,-7.03125,-7.8125,11.18468,0.96063,25.2
703.132,2470.75,59,7.5,-6.25,-7.8125,11.18468,0.95794,25.2
703.75,2451.25,59,7,-5.46875,-7.8125,11.18468,0.99796,25.2
704.386,2429.5,59,6.5,-0.78125,-7.8125,11.18468,0.95794,25.2
705.019,2402.25,59,6.25,-3.125,-7.8125,10.56331,0.94306,25.2
705.72,2337,59,6.25,-2.34375,-7.8125,10.56331,0.9843,25.2
706.344,2227,59,6,0,-7.8125,10.56331,1.99882,25.2
706.987,2042.25,59,5.75,0,-7.8125,9.94194,1.99882,25.2
707.578,1851,59,5,0,-7.8125,9.32057,1.99882,25.2
708.319,1672.5,59,4.25,0,-7.8125,8.07783,1.99882,25.2
708.951,1476,62.6,3.75,0,-7.8125,7.45645,1.99882,25.2
709.553,1220.75,62.6,3,0,-7.8125,6.21371,1.2344,25.2
710.23,984.75,62.6,2.5,0,-7.8125,4.97097,1.06823,25.2
710.981,840,62.6,2.75,0,-7.8125,3.72823,1.00552,25.2
711.608,786.5,64.4,2.5,1.5625,-7.8125,3.10686,0.9555,25.2
712.26,780,64.4,2.5,0.78125,-7.8125,1.24274,0.93257,25.2
712.878,778.75,64.4,2.5,-0.78125,-7.8125,0,0.92818,25.2
713.638,777.5,64.4,2.5,-1.5625,-7.8125,0,0.94184,25.2
714.292,776,64.4,2.5,-1.5625,-7.8125,0,0.96673,25.2
714.9,785.5,64.4,2.5,0,-7.8125,0,0.97795,25.2
715.526,777,64.4,2.5,0.78125,-7.8125,0,0.96429,25.2
716.257,775.75,64.4,2.5,0.78125,-7.8125,0,0.9555,25.2
716.866,783,64.4,2.5,0.78125,-7.8125,0,0.9455,25.2
717.505,778.25,64.4,2.5,0,-7.8125,0,0.94062,25.2
718.142,780.25,64.4,2.75,-0.78125,-7.8125,0,0.94306,25.2
718.882,780,64.4,2.5,-1.5625,-7.8125,0,0.94062,25.2
719.501,775.5,64.4,2.75,-2.34375,-7.8125,0,0.94306,25.2
720.144,771.25,64.4,2.75,-2.34375,-7.8125,0,0.95306,25.2
720.792,791,64.4,2.5,-1.5625,-7.8125,0,0.96795,25.2
721.565,799.25,64.4,2.75,-0.78125,-7.8125,0,0.97429,25.2
722.194,535,64.4,12,0,-7.8125,0,0.89499,25.2
722.823,1209.5,64.4,13,-2.34375,-7.8125,0.62137,0.88401,25.2
723.437,1314.75,64.4,14.75,0,-7.8125,3.10686,0.9455,25.2
724.193,1746.25,64.4,16.5,-8.59375,-7.8125,4.97097,1.00796,25.2
724.976,2211,59,23.75,-5.46875,-7.8125,7.45645,0.98942,25.2
725.566,2847.5,59,28.75,0.78125,-7.8125,10.56331,0.97795,25.2
726.2,3326.5,59,30,3.125,-7.8125,13.67017,0.96941,25.2
726.935,3696.25,59,30.25,5.46875,-7.8125,15.53428,0.9394,25.2
727.531,4007.25,59,31.75,2.34375,-7.8125,16.77702,0.97063,25.2
728.133,4361,59,33.75,-1.5625,-7.8125,18.64114,0.97551,25.2
728.796,4563.25,59,28.25,0,-7.8125,19.88388,0.87035,25.2
729.567,4248.5,59,10,-7.03125,-7.8125,21.74799,0.97673,25.2
730.176,2964,59,9,0,-7.8125,20.50525,1.39544,25.2
730.776,2609.5,59,21.75,-3.90625,-7.8125,20.50525,0.93159,25.2
731.42,2734.75,59,27.75,-9.375,-7.8125,21.74799,1.04334,25.2
732.127,2894.5,59,28.75,-4.6875,-7.8125,22.99073,1.01943,25.2
732.749,3065.75,60.8,37.5,0,-7.8125,23.6121,0.99357,25.2
733.412,3267.25,60.8,36.75,0.78125,-7.8125,25.47622,0.99064,25.2
734.034,3434.25,60.8,31.25,1.5625,-7.8125,26.71896,0.97429,25.2
734.733,3533.5,60.8,26,2.34375,-7.8125,28.58307,0.99503,25.2
735.372,3606,59,21.25,3.90625,-7.8125,29.20445,0.98796,25.2
736.034,3662,59,22.25,3.90625,-7.8125,29.82582,1.00308,25.2
736.723,3722,59,22,-2.34375,-7.8125,31.06856,0.9921,25.2
737.443,3778.25,59,23,-3.90625,-7.8125,31.06856,1.00674,25.2
738.134,3826,59,19,-4.6875,-7.8125,31.68993,1.00943,25.2
738.805,3838.25,59,14.5,0.78125,-7.8125,32.3113,1.00674,25.2
739.453,3830.75,59,13,3.125,-7.8125,32.3113,0.98674,25.2
740.176,3819.5,59,13.25,3.90625,-7.8125,32.3113,0.9921,25.2
740.845,3789.25,59,9.5,-3.125,-7.8125,32.3113,1.02773,25.2
741.488,3711.75,59,9.5,0,-7.8125,31.68993,1.99882,25.2
742.095,3628,59,9.75,0,-7.8125,31.06856,1.07043,25.2
742.831,3610.75,59,11.75,3.125,-7.8125,29.82582,0.93257,25.2
743.488,3607,59,19.75,-0.78125,-7.8125,29.82582,0.97063,25.2
744.118,3654,59,18.75,2.34375,-7.8125,29.82582,0.94672,25.2
744.755,3658,59,18.5,0.78125,-7.8125,31.06856,0.95306,25.2
745.47,3689.5,59,18.75,3.90625,-7.8125,31.06856,0.98552,25.2
746.066,3723.25,59,20.5,4.6875,-7.8125,31.06856,0.97185,25.2
746.708,3749.5,59,17.5,3.125,-7.8125,31.68993,0.9843,25.2
747.32,3764,59,15.75,1.5625,-7.8125,31.68993,0.98674,25.2
748.051,3762.5,59,15.25,-0.78125,-7.8125,31.68993,0.97673,25.2
748.704,3766.75,59,18.25,-6.25,-7.8125,31.68993,1.01602,25.2
749.356,3777.75,59,18,-4.6875,-7.8125,31.68993,0.99357,25.2
750.013,3553,59,9.25,-0.78125,-7.8125,31.68993,1.0126,25.2
750.737,2757.25,59,7.5,0,-7.8125,31.68993,1.77461,25.2
751.345,2486,60.8,15.75,1.5625,-7.8125,31.06856,0.93696,25.2
751.985,2470.75,60.8,18.25,-4.6875,-7.8125,31.06856,0.99503,25.2
752.605,2503.75,60.8,17.25,-2.34375,-7.8125,31.06856,0.99064,25.2
753.358,2505.25,60.8,16.5,-1.5625,-7.8125,31.68993,0.98942,25.2
753.996,2534.25,59,14.75,-0.78125,-7.8125,31.68993,0.97795,25.2
754.613,2550,59,14.25,-6.25,-7.8125,31.68993,0.99357,25.2
755.262,2540.25,59,14.25,-6.25,-7.8125,31.68993,0.9921,25.2
756.008,2545.5,59,14,-6.25,-7.8125,31.68993,1.01602,25.2
756.648,2561.75,59,13.75,-5.46875,-7.8125,32.3113,1.01772,25.2
757.285,2563,59,13.5,-3.90625,-7.8125,32.3113,1.01943,25.2
757.89,2573.75,59,13.75,2.34375,-7.8125,32.3113,0.98674,25.2
758.638,2561.75,59,13.5,3.125,-7.8125,32.3113,0.97551,25.2
759.263,2561.25,59,13.75,-0.78125,-7.8125,32.3113,0.98796,25.2
759.911,2564.75,59,12,-0.78125,-7.8125,32.3113,0.99357,25.2
760.56,2564,59,12.75,0.78125,-7.8125,32.3113,0.99503,25.2
761.332,2569.5,59,11.75,-3.90625,-7.8125,32.3113,1.0126,25.2
761.948,2573.5,60.8,10.75,-3.90625,-7.8125,32.3113,1.01431,25.2
762.56,2579,60.8,8,-3.90625,-7.8125,32.3113,0.9921,25.2
763.185,2549.75,60.8,9,-5.46875,-7.8125,32.3113,1.01602,25.2
763.934,2541.25,60.8,10.75,-4.6875,-7.8125,32.3113,1.01772,25.2
764.542,2533.5,60.8,12.25,2.34375,-7.8125,31.68993,1.00674,25.2
765.165,2545.75,60.8,12.25,4.6875,-7.8125,31.68993,0.98796,25.2
765.824,2532.5,60.8,12,6.25,-7.8125,31.68993,0.97795,25.2
766.535,2536.25,60.8,13.5,3.125,-7.8125,31.68993,0.95941,25.2
767.181,2544.5,59,13.25,0,-7.8125,31.68993,0.97942,25.2
767.83,2545.25,59,12,-2.34375,-7.8125,31.68993,0.9494,25.2
768.463,2537.75,59,12,-3.125,-7.8125,31.68993,0.9555,25.2
769.169,2557,59,11.75,-4.6875,-7.8125,31.68993,0.96063,25.2
769.829,2550.75,59,10.25,-4.6875,-7.8125,31.68993,0.98674,25.2
770.449,2534.25,59,9.75,-7.8125,-7.8125,31.68993,1.04334,25.2
771.061,2508,59,9.5,-7.8125,-7.8125,31.68993,1.03334,25.2
771.772,2499.5,59,11,-7.03125,-7.8125,31.68993,1.0453,25.2
772.444,2502.75,59,12,-7.03125,-7.8125,31.68993,1.02602,25.2
773.095,2496.25,59,12.5,-3.125,-7.8125,31.68993,0.95184,25.2
773.729,2484.75,59,11.75,-4.6875,-7.8125,31.68993,0.94062,25.2
774.489,2477.5,59,9,-7.03125,-7.8125,31.68993,0.95184,25.2
775.086,2482.25,59,9.25,-7.03125,-7.8125,31.06856,0.95941,25.2
775.723,2456.5,59,9.25,-6.25,-7.8125,31.06856,0.98552,25.2
776.364,2466.25,59,10.75,-8.59375,-7.8125,31.06856,1.04725,25.2
777.114,2451,59,12,-7.03125,-8.59375,31.06856,1.04725,25.2
777.762,2443.25,59,12.25,-6.25,-8.59375,31.06856,1.03724,25.2
778.396,2464,59,12.25,-2.34375,-8.59375,31.06856,0.95941,25.2
779.056,2457.25,59,10.75,-4.6875,-8.59375,31.06856,0.9455,25.2
779.812,2450,59,10,-5.46875,-8.59375,31.06856,0.96307,25.2
780.439,2443,59,12.75,-5.46875,-8.59375,31.06856,0.95062,25.2
781.079,2459.5,59,13.25,-6.25,-8.59375,31.06856,0.9494,25.2
781.751,2448.25,59,6,-9.375,-8.59375,31.06856,1.07531,25.2
782.515,2405.25,59,6.25,1.5625,-8.59375,31.06856,1.00674,25.2
783.143,2361,60.8,6.5,0,-8.59375,29.82582,1.99882,25.2
783.772,2285.5,60.8,6,0,-8.59375,29.20445,1.99882,25.2
784.412,2232.75,60.8,6,0,-8.59375,28.58307,1.99882,25.2
785.158,2178.25,60.8,5.75,0,-8.59375,27.9617,1.99882,25.2
785.792,2099.75,62.6,5.75,0,-8.59375,26.71896,1.99882,25.2
786.422,1766.75,62.6,5,0,-8.59375,25.47622,1.99882,25.2
787.053,1271.75,62.6,3.75,0,-8.59375,23.6121,1.99882,25.2
787.807,1049.5,62.6,2.75,0,-8.59375,21.74799,1.2483,25.2
788.411,851.5,64.4,3,0,-8.59375,19.26251,1.03529,25.2
789.072,772.75,64.4,2.75,0.78125,-8.59375,16.15565,0.9921,25.2
789.688,775.5,64.4,2.75,1.5625,-8.59375,13.67017,0.95306,25.2
790.425,790.75,64.4,2.75,0.78125,-8.59375,13.04879,0.9394,25.2
791.056,789.5,64.4,2.5,-0.78125,-8.59375,12.42742,0.93818,25.2
791.686,1580.25,64.4,5.5,-3.125,-8.59375,12.42742,0.93257,25.2
792.314,1661.5,64.4,13.25,-6.25,-8.59375,12.42742,0.95184,25.2
793.032,1795.75,64.4,18,-6.25,-8.59375,13.04879,0.96941,25.2
793.69,1986.5,62.6,21.25,-4.6875,-8.59375,14.29154,0.97063,25.2
794.322,2207.5,62.6,21.75,-3.125,-8.59375,16.77702,1.0043,25.2
794.93,2374.5,62.6,19.75,-2.34375,-8.59375,18.64114,0.98552,25.2
795.76,2498.25,62.6,17.75,-1.5625,-8.59375,19.88388,0.98942,25.2
796.432,2626.75,59,19.25,4.6875,-8.59375,20.50525,0.96185,25.2
797.018,2765,59,17.25,5.46875,-8.59375,22.36936,0.96185,25.2
797.69,2828.25,59,16.75,0,-8.59375,22.99073,0.94306,25.2
798.408,2896.75,59,16.5,0,-8.59375,23.6121,0.95672,25.2
799.065,2938.75,59,16.5,0.78125,-8.59375,23.6121,0.98186,25.2
799.712,2994.25,59,14.75,3.125,-8.59375,24.85485,0.96307,25.2
800.328,3015.5,59,14,2.34375,-8.59375,24.85485,0.9455,25.2
801.032,3023.25,59,10,-1.5625,-8.59375,25.47622,0.96551,25.2
801.693,3028.25,59,9.5,-3.125,-8.59375,25.47622,1.01431,25.2
802.319,3019.75,59,7.25,3.125,-8.59375,25.47622,1.05164,25.2
802.978,2955.75,59,7.75,7.8125,-8.59375,25.47622,0.99064,25.2
803.709,2899.5,59,7.5,0,-8.59375,24.85485,1.99882,25.2
804.344,2821,60.8,7.5,0,-8.59375,23.6121,1.99882,25.2
804.995,2735.5,60.8,7.5,0,-8.59375,22.99073,1.99882,25.2
805.607,2675.5,60.8,7,0,-8.59375,22.99073,1.99882,25.2
806.305,2510,60.8,7,0,-8.59375,22.36936,1.99882,25.2
806.991,2339.75,62.6,6.25,0,-8.59375,20.50525,1.99882,25.2
807.621,2122,62.6,5.75,0,-8.59375,19.26251,1.99882,25.2
808.272,1890,62.6,5,0,-8.59375,16.77702,1.99882,25.2
808.981,1700.75,62.6,4.5,0,-8.59375,15.53428,1.99882,25.2
809.596,1443,64.4,3.75,0,-8.59375,13.67017,1.99882,25.2
810.193,1211.25,64.4,3,0,-8.59375,10.56331,1.99882,25.2
810.878,1061.75,64.4,2.75,0,-8.59375,9.32057,1.99882,25.2
811.753,944,64.4,2.25,0,-8.59375,8.07783,1.31492,25.2
812.381,842.75,64.4,2.25,0,-8.59375,8.07783,1.07287,25.2
813.002,792.25,64.4,2,0,-8.59375,7.45645,1.01943,25.2
813.65,942.75,64.4,3.75,3.125,-8.59375,6.83508,0.97063,25.2
814.389,967.5,64.4,5.25,0.78125,-8.59375,6.83508,0.91158,25.2
815.002,1058.75,66.2,6,-3.90625,-8.59375,7.45645,0.93257,25.2
815.669,1162.5,66.2,7,-4.6875,-8.59375,8.07783,0.95428,25.2
816.302,1279.25,66.2,8,-5.46875,-8.59375,9.32057,0.96429,25.2
817.064,1363.5,66.2,8.25,-3.125,-8.59375,10.56331,0.97429,25.2
817.694,1435.25,64.4,6.75,-2.34375,-8.59375,11.18468,0.96673,25.2
818.32,1485.5,64.4,6,-3.90625,-8.59375,11.18468,0.93257,25.2
818.956,1508.75,64.4,5.5,-3.90625,-8.59375,12.42742,0.96063,25.2
819.69,1522.75,64.4,5,-3.125,-8.59375,12.42742,0.95062,25.2
820.343,1504,64.4,4.5,-1.5625,-8.59375,12.42742,0.97063,25.2
820.982,1383.75,64.4,3.5,3.125,-8.59375,12.42742,0.9921,25.2
821.635,1134.5,64.4,2.75,7.8125,-8.59375,12.42742,0.99796,25.2
822.411,949.75,64.4,2.75,10.15625,-8.59375,11.18468,0.99503,25.2
823.07,846.25,64.4,2.5,6.25,-8.59375,11.18468,0.94428,25.2
823.742,769,64.4,2.25,7.03125,-8.59375,10.56331,0.91817,25.2
824.384,762.75,64.4,2.25,4.6875,-8.59375,9.94194,0.91378,25.2
825.088,778.75,64.4,2.5,3.125,-8.59375,8.07783,0.93379,25.2
825.723,777.25,68,2.5,3.125,-8.59375,7.45645,0.94672,25.2
826.346,768,68,2.5,3.125,-8.59375,6.21371,0.9394,25.2
826.966,782.75,68,2.5,1.5625,-8.59375,4.3496,0.94184,25.2
827.722,777,68,2.5,1.5625,-8.59375,3.72823,0.94062,25.2
828.363,800,68,3,3.125,-8.59375,1.86411,0.9555,25.2
829.014,785.5,68,2.5,-0.78125,-8.59375,1.24274,0.9494,25.2
829.621,770.75,68,2.5,-0.78125,-8.59375,1.24274,0.95794,25.2
830.356,784.75,68,2.5,-0.78125,-8.59375,0.62137,0.95794,25.2
831.018,775.5,68,2.25,-0.78125,-8.59375,0,0.96307,25.2
831.69,784,68,2.5,0.78125,-8.59375,0,0.96941,25.2
832.342,775.5,68,2.25,5.46875,-8.59375,0,0.95941,25.2
833.082,774.75,68,2.5,5.46875,-8.59375,0,0.9455,25.2
833.686,773.5,68,2.25,3.90625,-8.59375,0,0.93696,25.2
834.311,775.5,68,2.5,3.125,-8.59375,0,0.93696,25.2
834.97,778.5,68,2.5,3.125,-8.59375,0,0.94306,25.2
835.69,769,68,2.5,2.34375,-8.59375,0,0.9494,25.2
836.312,775,69.8,2.5,-2.34375,-8.59375,0,0.9394,25.2
836.94,776.75,69.8,2.5,-2.34375,-8.59375,0,0.93818,25.2
837.555,774.75,69.8,2.75,-3.125,-8.59375,0,0.94306,25.2
838.316,784.75,69.8,2.5,-3.125,-8.59375,0,0.94794,25.2
838.99,775.5,69.8,2.5,0.78125,-8.59375,0,0.94306,25.2
839.613,775.25,69.8,2.5,0,-8.59375,0,0.94428,25.2
840.253,775.5,69.8,2.5,-0.78125,-8.59375,0,0.94794,25.2
840.988,785.75,69.8,2.5,-0.78125,-8.59375,0,0.94794,25.2
841.59,776.25,69.8,2.5,-4.6875,-8.59375,0,0.95672,25.2
842.237,778.5,69.8,2.5,-4.6875,-8.59375,0,0.95062,25.2
842.897,773,69.8,2.5,-4.6875,-8.59375,0,0.9494,25.2
843.595,781.25,69.8,2.5,-5.46875,-8.59375,0,0.9494,25.2
844.21,782,69.8,2.5,-5.46875,-8.59375,0,0.95428,25.2
844.827,781.75,69.8,2.5,-5.46875,-8.59375,0,0.95794,25.2
845.491,777.5,69.8,2.5,-4.6875,-8.59375,0,0.9555,25.2
846.253,782.5,69.8,2.5,-0.78125,-8.59375,0,0.94794,25.2
846.858,774.75,69.8,2.5,-0.78125,-8.59375,0,0.95428,25.2
847.492,779.25,69.8,2.5,-0.78125,-8.59375,0,0.96307,25.2
848.134,785,69.8,2.5,-0.78125,-8.59375,0,0.96795,25.2
848.871,780,69.8,2.25,0.78125,-8.59375,0,0.98186,25.2
849.503,1168.5,69.8,5.25,-3.125,-8.59375,0,0.92378,25.2
850.128,613.25,69.8,10.5,0,-8.59375,0,0.98064,25.2
850.742,789,69.8,8.5,0,-8.59375,0.62137,0.97185,25.2
851.477,1188.25,69.8,12.75,-6.25,-8.59375,3.10686,0.98674,25.2
852.065,1409.75,64.4,8.75,0,-8.59375,4.97097,0.9965,25.2
852.76,1643.5,64.4,11.5,1.5625,-8.59375,6.83508,0.96551,25.2
853.599,1843.5,64.4,11.25,-1.5625,-8.59375,7.45645,1.01431,25.2
854.448,2062.5,64.4,11.75,-1.5625,-8.59375,8.07783,0.98942,25.2
855.076,2257,62.6,12.25,-7.8125,-8.59375,9.32057,1.01602,25.2
855.705,2389,62.6,12.75,-1.5625,-8.59375,9.94194,1.0043,25.2
856.351,2555,62.6,14.75,-0.78125,-8.59375,10.56331,1.00552,25.2
857.086,2714.25,62.6,15.5,0.78125,-8.59375,11.18468,1.01602,25.2
857.694,2875,62.6,16,2.34375,-8.59375,12.42742,0.99064,25.2
858.392,3030.5,62.6,14.75,3.90625,-8.59375,13.04879,0.97429,25.2
859.027,3103.75,62.6,14,-3.125,-8.59375,13.67017,0.98552,25.2
859.778,3166.5,62.6,12.25,-3.90625,-8.59375,14.29154,1.01431,25.2
860.408,3178.25,60.8,11.75,-3.90625,-8.59375,14.29154,1.01431,25.2
861.062,3176.75,60.8,11,-3.125,-8.59375,14.29154,1.01431,25.2
861.671,3168,60.8,9.5,0.78125,-8.59375,14.29154,1.01772,25.2
862.401,3074,60.8,7.75,3.125,-8.59375,14.29154,1.01772,25.2
863.017,2930.25,62.6,7.5,7.03125,-8.59375,13.67017,0.97429,25.2
863.633,2692.75,62.6,7.25,0,-8.59375,13.04879,1.05872,25.2
864.303,2543.75,62.6,6.75,0,-8.59375,12.42742,1.16388,25.2
865.071,2336,62.6,6.25,0,-8.59375,11.18468,1.99882,25.2
865.75,2077.75,64.4,6,0,-8.59375,10.56331,1.99882,25.2
866.38,1879.75,64.4,4.75,0,-8.59375,9.32057,1.93394,25.2
867.011,1779.25,64.4,6.5,0,-8.59375,8.07783,0.9555,25.2
867.756,1811,64.4,10.75,-3.90625,-8.59375,7.45645,0.9172,25.2
868.424,1967.5,64.4,10.75,-3.90625,-8.59375,8.07783,0.96941,25.2
869.069,2115.5,64.4,11.5,-3.90625,-8.59375,9.32057,0.94306,25.2
869.706,2253.25,64.4,9.75,-6.25,-8.59375,9.94194,0.93696,25.2
870.472,2259,64.4,7.75,-9.375,-8.59375,9.94194,0.9455,25.2
871.14,2168,64.4,6,-4.6875,-8.59375,9.94194,1.01089,25.2
871.781,2065.5,64.4,7.25,-3.90625,-8.59375,9.32057,0.93257,25.2
872.424,2069.5,64.4,9.75,-6.25,-8.59375,9.32057,0.96307,25.2
873.139,2087.75,64.4,9.5,-6.25,-8.59375,9.32057,0.97942,25.2
873.76,2128.75,64.4,10.75,0,-8.59375,9.32057,0.95941,25.2
874.389,2217.25,64.4,10.5,0.78125,-8.59375,9.32057,0.95062,25.2
875.03,2247.25,64.4,7,-6.25,-8.59375,9.94194,0.94062,25.2
875.759,2224,64.4,8.75,-6.25,-8.59375,9.94194,0.95941,25.2
876.392,2254.25,64.4,9,-6.25,-8.59375,9.94194,0.96941,25.2
876.993,2293.75,64.4,10.75,-6.25,-8.59375,9.94194,0.96185,25.2
877.667,2369.25,64.4,11.5,-5.46875,-8.59375,10.56331,0.9555,25.2
878.418,2399.25,64.4,9,-6.25,-8.59375,10.56331,0.9455,25.2
879.08,2373.5,64.4,7.5,-7.03125,-8.59375,10.56331,0.96429,25.2
879.729,2359.75,64.4,8,-7.8125,-8.59375,10.56331,0.95941,25.2
880.347,2386.75,64.4,9.25,-6.25,-8.59375,10.56331,0.96551,25.2
881.067,2419.5,64.4,9.75,-5.46875,-8.59375,10.56331,0.96307,25.2
881.717,2449,64.4,8.5,-7.8125,-8.59375,10.56331,0.95306,25.2
882.34,2412.25,64.4,8.25,-9.375,-8.59375,10.56331,1.01943,25.2
882.985,2407.25,64.4,9.25,-8.59375,-8.59375,10.56331,1.05628,25.2
883.721,2457.5,64.4,10.25,-6.25,-8.59375,10.56331,1.05408,25.2
884.401,2498.25,64.4,10.75,-4.6875,-8.59375,11.18468,1.02431,25.2
885.263,2555.25,64.4,10.25,-1.5625,-8.59375,11.18468,0.95428,25.2
885.878,2622.75,64.4,10.75,-2.34375,-8.59375,11.18468,0.95941,25.2
886.59,2666.25,64.4,10.75,-1.5625,-8.59375,12.42742,0.96429,25.2
887.298,2710.75,62.6,11,-0.78125,-8.59375,12.42742,0.95428,25.2
887.917,2719.25,62.6,10,-2.34375,-8.59375,12.42742,1.01772,25.2
888.536,2713.25,62.6,10.75,-2.34375,-8.59375,12.42742,1.04139,25.2
889.284,2681,62.6,10.5,-1.5625,-8.59375,12.42742,1.03724,25.2
889.927,2699.5,62.6,10.75,-2.34375,-8.59375,12.42742,1.03944,25.2
890.534,2689,62.6,8.75,0.78125,-8.59375,12.42742,0.98186,25.2
891.176,2614,62.6,6.75,3.90625,-8.59375,12.42742,1.02944,25.2
891.916,2505.75,62.6,6.5,6.25,-8.59375,12.42742,0.9555,25.2
892.545,2410.5,64.4,6.25,6.25,-8.59375,11.18468,0.93476,25.2
893.194,2261.5,64.4,6.25,0,-8.59375,10.56331,1.4479,25.2
893.848,2067.75,64.4,5.75,0,-8.59375,9.94194,1.99882,25.2
894.63,1831.75,64.4,4.75,0,-8.59375,9.32057,1.99882,25.2
895.283,1708.25,66.2,4.25,0,-8.59375,8.07783,1.0919,25.2
895.911,1784.5,66.2,10.25,-1.5625,-8.59375,7.45645,0.92159,25.2
896.525,1882.5,66.2,6.75,-5.46875,-8.59375,8.07783,0.9394,25.2
897.247,1848,66.2,4.75,-3.125,-8.59375,8.07783,0.9965,25.2
897.877,1771.75,64.4,4.25,2.34375,-8.59375,8.07783,0.96429,25.2
898.525,1674.25,64.4,4.25,0.78125,-8.59375,7.45645,0.96429,25.2
899.16,1581.75,64.4,4,2.34375,-8.59375,7.45645,0.96185,25.2
899.966,1432.5,64.4,3.75,2.34375,-8.59375,6.83508,0.9494,25.2
900.569,1309.25,68,3.25,2.34375,-8.59375,6.21371,0.96551,25.2
901.192,1141.5,68,2.75,3.125,-8.59375,4.97097,0.96429,25.2
901.811,1023.75,68,2.5,3.90625,-8.59375,4.3496,0.97063,25.2
902.513,858,68,2.5,4.6875,-8.59375,4.3496,0.95794,25.2
903.155,795,69.8,2.25,3.125,-8.59375,3.72823,0.91939,25.2
903.78,787.5,69.8,2.25,0.78125,-8.59375,3.72823,0.91061,25.2
904.425,1038,69.8,4.5,-2.34375,-8.59375,3.10686,0.91378,25.2
905.158,872.25,69.8,4,-2.34375,-8.59375,3.10686,0.94672,25.2
905.785,797.75,69.8,2,-2.34375,-8.59375,3.72823,0.99796,25.2
906.392,777.75,69.8,2.5,0,-8.59375,3.72823,1.00308,25.2
907.021,769.5,69.8,2.25,1.5625,-8.59375,3.10686,0.97063,25.2
907.753,770.5,69.8,2.25,0.78125,-8.59375,3.10686,0.94184,25.2
908.418,782,69.8,2.25,0,-8.59375,1.86411,0.9394,25.2
909.053,774.5,69.8,2.5,-0.78125,-8.59375,0.62137,0.95428,25.2
909.701,778.75,69.8,2.5,4.6875,-8.59375,0,0.97063,25.2
910.47,764.5,69.8,2.5,5.46875,-8.59375,0,0.98308,25.2
911.104,780.75,71.6,2.5,7.8125,-8.59375,0,0.99942,25.2
911.754,776.5,71.6,2.25,10.15625,-8.59375,0,1.02431,25.2
912.358,776.5,71.6,2.25,14.0625,-8.59375,0,1.01431,25.2
913.116,781,71.6,2.25,11.71875,-8.59375,0,0.97942,25.2
913.842,769,71.6,2.25,10.9375,-8.59375,0,0.92378,25.2
914.912,767.25,71.6,2.25,10.15625,-8.59375,0,0.89719,25.2
915.672,766,71.6,2.25,5.46875,-8.59375,0,0.89182,25.2
916.425,768.5,71.6,2.5,2.34375,-8.59375,0,0.90182,25.2
917.054,774.75,73.4,2.5,-0.78125,-8.59375,0,0.91378,25.2
